--
-- PostgreSQL database dump
--

-- Dumped from database version 16.8 (Debian 16.8-1.pgdg120+1)
-- Dumped by pg_dump version 16.8 (Debian 16.8-1.pgdg120+1)

SET statement_timeout = 0;
SET lock_timeout = 0;
SET idle_in_transaction_session_timeout = 0;
SET client_encoding = 'UTF8';
SET standard_conforming_strings = on;
SELECT pg_catalog.set_config('search_path', '', false);
SET check_function_bodies = false;
SET xmloption = content;
SET client_min_messages = warning;
SET row_security = off;

SET default_tablespace = '';

SET default_table_access_method = heap;

--
-- Name: account_emailaddress; Type: TABLE; Schema: public; Owner: YXFWLfhnLXezPDUkUhYShgckhbdfOTek
--

CREATE TABLE public.account_emailaddress (
    id integer NOT NULL,
    email character varying(254) NOT NULL,
    verified boolean NOT NULL,
    "primary" boolean NOT NULL,
    user_id bigint NOT NULL
);


ALTER TABLE public.account_emailaddress OWNER TO "YXFWLfhnLXezPDUkUhYShgckhbdfOTek";

--
-- Name: account_emailaddress_id_seq; Type: SEQUENCE; Schema: public; Owner: YXFWLfhnLXezPDUkUhYShgckhbdfOTek
--

ALTER TABLE public.account_emailaddress ALTER COLUMN id ADD GENERATED BY DEFAULT AS IDENTITY (
    SEQUENCE NAME public.account_emailaddress_id_seq
    START WITH 1
    INCREMENT BY 1
    NO MINVALUE
    NO MAXVALUE
    CACHE 1
);


--
-- Name: account_emailconfirmation; Type: TABLE; Schema: public; Owner: YXFWLfhnLXezPDUkUhYShgckhbdfOTek
--

CREATE TABLE public.account_emailconfirmation (
    id integer NOT NULL,
    created timestamp with time zone NOT NULL,
    sent timestamp with time zone,
    key character varying(64) NOT NULL,
    email_address_id integer NOT NULL
);


ALTER TABLE public.account_emailconfirmation OWNER TO "YXFWLfhnLXezPDUkUhYShgckhbdfOTek";

--
-- Name: account_emailconfirmation_id_seq; Type: SEQUENCE; Schema: public; Owner: YXFWLfhnLXezPDUkUhYShgckhbdfOTek
--

ALTER TABLE public.account_emailconfirmation ALTER COLUMN id ADD GENERATED BY DEFAULT AS IDENTITY (
    SEQUENCE NAME public.account_emailconfirmation_id_seq
    START WITH 1
    INCREMENT BY 1
    NO MINVALUE
    NO MAXVALUE
    CACHE 1
);


--
-- Name: auth_group; Type: TABLE; Schema: public; Owner: YXFWLfhnLXezPDUkUhYShgckhbdfOTek
--

CREATE TABLE public.auth_group (
    id integer NOT NULL,
    name character varying(150) NOT NULL
);


ALTER TABLE public.auth_group OWNER TO "YXFWLfhnLXezPDUkUhYShgckhbdfOTek";

--
-- Name: auth_group_id_seq; Type: SEQUENCE; Schema: public; Owner: YXFWLfhnLXezPDUkUhYShgckhbdfOTek
--

ALTER TABLE public.auth_group ALTER COLUMN id ADD GENERATED BY DEFAULT AS IDENTITY (
    SEQUENCE NAME public.auth_group_id_seq
    START WITH 1
    INCREMENT BY 1
    NO MINVALUE
    NO MAXVALUE
    CACHE 1
);


--
-- Name: auth_group_permissions; Type: TABLE; Schema: public; Owner: YXFWLfhnLXezPDUkUhYShgckhbdfOTek
--

CREATE TABLE public.auth_group_permissions (
    id bigint NOT NULL,
    group_id integer NOT NULL,
    permission_id integer NOT NULL
);


ALTER TABLE public.auth_group_permissions OWNER TO "YXFWLfhnLXezPDUkUhYShgckhbdfOTek";

--
-- Name: auth_group_permissions_id_seq; Type: SEQUENCE; Schema: public; Owner: YXFWLfhnLXezPDUkUhYShgckhbdfOTek
--

ALTER TABLE public.auth_group_permissions ALTER COLUMN id ADD GENERATED BY DEFAULT AS IDENTITY (
    SEQUENCE NAME public.auth_group_permissions_id_seq
    START WITH 1
    INCREMENT BY 1
    NO MINVALUE
    NO MAXVALUE
    CACHE 1
);


--
-- Name: auth_permission; Type: TABLE; Schema: public; Owner: YXFWLfhnLXezPDUkUhYShgckhbdfOTek
--

CREATE TABLE public.auth_permission (
    id integer NOT NULL,
    name character varying(255) NOT NULL,
    content_type_id integer NOT NULL,
    codename character varying(100) NOT NULL
);


ALTER TABLE public.auth_permission OWNER TO "YXFWLfhnLXezPDUkUhYShgckhbdfOTek";

--
-- Name: auth_permission_id_seq; Type: SEQUENCE; Schema: public; Owner: YXFWLfhnLXezPDUkUhYShgckhbdfOTek
--

ALTER TABLE public.auth_permission ALTER COLUMN id ADD GENERATED BY DEFAULT AS IDENTITY (
    SEQUENCE NAME public.auth_permission_id_seq
    START WITH 1
    INCREMENT BY 1
    NO MINVALUE
    NO MAXVALUE
    CACHE 1
);


--
-- Name: cookie_consent_cookie; Type: TABLE; Schema: public; Owner: YXFWLfhnLXezPDUkUhYShgckhbdfOTek
--

CREATE TABLE public.cookie_consent_cookie (
    id integer NOT NULL,
    name character varying(250) NOT NULL,
    description text NOT NULL,
    path text NOT NULL,
    domain character varying(250) NOT NULL,
    created timestamp with time zone NOT NULL,
    cookiegroup_id integer NOT NULL
);


ALTER TABLE public.cookie_consent_cookie OWNER TO "YXFWLfhnLXezPDUkUhYShgckhbdfOTek";

--
-- Name: cookie_consent_cookie_id_seq; Type: SEQUENCE; Schema: public; Owner: YXFWLfhnLXezPDUkUhYShgckhbdfOTek
--

ALTER TABLE public.cookie_consent_cookie ALTER COLUMN id ADD GENERATED BY DEFAULT AS IDENTITY (
    SEQUENCE NAME public.cookie_consent_cookie_id_seq
    START WITH 1
    INCREMENT BY 1
    NO MINVALUE
    NO MAXVALUE
    CACHE 1
);


--
-- Name: cookie_consent_cookiegroup; Type: TABLE; Schema: public; Owner: YXFWLfhnLXezPDUkUhYShgckhbdfOTek
--

CREATE TABLE public.cookie_consent_cookiegroup (
    id integer NOT NULL,
    varname character varying(32) NOT NULL,
    name character varying(100) NOT NULL,
    description text NOT NULL,
    is_required boolean NOT NULL,
    is_deletable boolean NOT NULL,
    ordering integer NOT NULL,
    created timestamp with time zone NOT NULL
);


ALTER TABLE public.cookie_consent_cookiegroup OWNER TO "YXFWLfhnLXezPDUkUhYShgckhbdfOTek";

--
-- Name: cookie_consent_cookiegroup_id_seq; Type: SEQUENCE; Schema: public; Owner: YXFWLfhnLXezPDUkUhYShgckhbdfOTek
--

ALTER TABLE public.cookie_consent_cookiegroup ALTER COLUMN id ADD GENERATED BY DEFAULT AS IDENTITY (
    SEQUENCE NAME public.cookie_consent_cookiegroup_id_seq
    START WITH 1
    INCREMENT BY 1
    NO MINVALUE
    NO MAXVALUE
    CACHE 1
);


--
-- Name: cookie_consent_logitem; Type: TABLE; Schema: public; Owner: YXFWLfhnLXezPDUkUhYShgckhbdfOTek
--

CREATE TABLE public.cookie_consent_logitem (
    id integer NOT NULL,
    action integer NOT NULL,
    version character varying(32) NOT NULL,
    created timestamp with time zone NOT NULL,
    cookiegroup_id integer NOT NULL
);


ALTER TABLE public.cookie_consent_logitem OWNER TO "YXFWLfhnLXezPDUkUhYShgckhbdfOTek";

--
-- Name: cookie_consent_logitem_id_seq; Type: SEQUENCE; Schema: public; Owner: YXFWLfhnLXezPDUkUhYShgckhbdfOTek
--

ALTER TABLE public.cookie_consent_logitem ALTER COLUMN id ADD GENERATED BY DEFAULT AS IDENTITY (
    SEQUENCE NAME public.cookie_consent_logitem_id_seq
    START WITH 1
    INCREMENT BY 1
    NO MINVALUE
    NO MAXVALUE
    CACHE 1
);


--
-- Name: django_admin_log; Type: TABLE; Schema: public; Owner: YXFWLfhnLXezPDUkUhYShgckhbdfOTek
--

CREATE TABLE public.django_admin_log (
    id integer NOT NULL,
    action_time timestamp with time zone NOT NULL,
    object_id text,
    object_repr character varying(200) NOT NULL,
    action_flag smallint NOT NULL,
    change_message text NOT NULL,
    content_type_id integer,
    user_id bigint NOT NULL,
    CONSTRAINT django_admin_log_action_flag_check CHECK ((action_flag >= 0))
);


ALTER TABLE public.django_admin_log OWNER TO "YXFWLfhnLXezPDUkUhYShgckhbdfOTek";

--
-- Name: django_admin_log_id_seq; Type: SEQUENCE; Schema: public; Owner: YXFWLfhnLXezPDUkUhYShgckhbdfOTek
--

ALTER TABLE public.django_admin_log ALTER COLUMN id ADD GENERATED BY DEFAULT AS IDENTITY (
    SEQUENCE NAME public.django_admin_log_id_seq
    START WITH 1
    INCREMENT BY 1
    NO MINVALUE
    NO MAXVALUE
    CACHE 1
);


--
-- Name: django_content_type; Type: TABLE; Schema: public; Owner: YXFWLfhnLXezPDUkUhYShgckhbdfOTek
--

CREATE TABLE public.django_content_type (
    id integer NOT NULL,
    app_label character varying(100) NOT NULL,
    model character varying(100) NOT NULL
);


ALTER TABLE public.django_content_type OWNER TO "YXFWLfhnLXezPDUkUhYShgckhbdfOTek";

--
-- Name: django_content_type_id_seq; Type: SEQUENCE; Schema: public; Owner: YXFWLfhnLXezPDUkUhYShgckhbdfOTek
--

ALTER TABLE public.django_content_type ALTER COLUMN id ADD GENERATED BY DEFAULT AS IDENTITY (
    SEQUENCE NAME public.django_content_type_id_seq
    START WITH 1
    INCREMENT BY 1
    NO MINVALUE
    NO MAXVALUE
    CACHE 1
);


--
-- Name: django_migrations; Type: TABLE; Schema: public; Owner: YXFWLfhnLXezPDUkUhYShgckhbdfOTek
--

CREATE TABLE public.django_migrations (
    id bigint NOT NULL,
    app character varying(255) NOT NULL,
    name character varying(255) NOT NULL,
    applied timestamp with time zone NOT NULL
);


ALTER TABLE public.django_migrations OWNER TO "YXFWLfhnLXezPDUkUhYShgckhbdfOTek";

--
-- Name: django_migrations_id_seq; Type: SEQUENCE; Schema: public; Owner: YXFWLfhnLXezPDUkUhYShgckhbdfOTek
--

ALTER TABLE public.django_migrations ALTER COLUMN id ADD GENERATED BY DEFAULT AS IDENTITY (
    SEQUENCE NAME public.django_migrations_id_seq
    START WITH 1
    INCREMENT BY 1
    NO MINVALUE
    NO MAXVALUE
    CACHE 1
);


--
-- Name: django_session; Type: TABLE; Schema: public; Owner: YXFWLfhnLXezPDUkUhYShgckhbdfOTek
--

CREATE TABLE public.django_session (
    session_key character varying(40) NOT NULL,
    session_data text NOT NULL,
    expire_date timestamp with time zone NOT NULL
);


ALTER TABLE public.django_session OWNER TO "YXFWLfhnLXezPDUkUhYShgckhbdfOTek";

--
-- Name: django_site; Type: TABLE; Schema: public; Owner: YXFWLfhnLXezPDUkUhYShgckhbdfOTek
--

CREATE TABLE public.django_site (
    id integer NOT NULL,
    domain character varying(100) NOT NULL,
    name character varying(50) NOT NULL
);


ALTER TABLE public.django_site OWNER TO "YXFWLfhnLXezPDUkUhYShgckhbdfOTek";

--
-- Name: django_site_id_seq; Type: SEQUENCE; Schema: public; Owner: YXFWLfhnLXezPDUkUhYShgckhbdfOTek
--

ALTER TABLE public.django_site ALTER COLUMN id ADD GENERATED BY DEFAULT AS IDENTITY (
    SEQUENCE NAME public.django_site_id_seq
    START WITH 1
    INCREMENT BY 1
    NO MINVALUE
    NO MAXVALUE
    CACHE 1
);


--
-- Name: mfa_authenticator; Type: TABLE; Schema: public; Owner: YXFWLfhnLXezPDUkUhYShgckhbdfOTek
--

CREATE TABLE public.mfa_authenticator (
    id bigint NOT NULL,
    type character varying(20) NOT NULL,
    data jsonb NOT NULL,
    user_id bigint NOT NULL,
    created_at timestamp with time zone NOT NULL,
    last_used_at timestamp with time zone
);


ALTER TABLE public.mfa_authenticator OWNER TO "YXFWLfhnLXezPDUkUhYShgckhbdfOTek";

--
-- Name: mfa_authenticator_id_seq; Type: SEQUENCE; Schema: public; Owner: YXFWLfhnLXezPDUkUhYShgckhbdfOTek
--

ALTER TABLE public.mfa_authenticator ALTER COLUMN id ADD GENERATED BY DEFAULT AS IDENTITY (
    SEQUENCE NAME public.mfa_authenticator_id_seq
    START WITH 1
    INCREMENT BY 1
    NO MINVALUE
    NO MAXVALUE
    CACHE 1
);


--
-- Name: socialaccount_socialaccount; Type: TABLE; Schema: public; Owner: YXFWLfhnLXezPDUkUhYShgckhbdfOTek
--

CREATE TABLE public.socialaccount_socialaccount (
    id integer NOT NULL,
    provider character varying(200) NOT NULL,
    uid character varying(191) NOT NULL,
    last_login timestamp with time zone NOT NULL,
    date_joined timestamp with time zone NOT NULL,
    extra_data jsonb NOT NULL,
    user_id bigint NOT NULL
);


ALTER TABLE public.socialaccount_socialaccount OWNER TO "YXFWLfhnLXezPDUkUhYShgckhbdfOTek";

--
-- Name: socialaccount_socialaccount_id_seq; Type: SEQUENCE; Schema: public; Owner: YXFWLfhnLXezPDUkUhYShgckhbdfOTek
--

ALTER TABLE public.socialaccount_socialaccount ALTER COLUMN id ADD GENERATED BY DEFAULT AS IDENTITY (
    SEQUENCE NAME public.socialaccount_socialaccount_id_seq
    START WITH 1
    INCREMENT BY 1
    NO MINVALUE
    NO MAXVALUE
    CACHE 1
);


--
-- Name: socialaccount_socialapp; Type: TABLE; Schema: public; Owner: YXFWLfhnLXezPDUkUhYShgckhbdfOTek
--

CREATE TABLE public.socialaccount_socialapp (
    id integer NOT NULL,
    provider character varying(30) NOT NULL,
    name character varying(40) NOT NULL,
    client_id character varying(191) NOT NULL,
    secret character varying(191) NOT NULL,
    key character varying(191) NOT NULL,
    provider_id character varying(200) NOT NULL,
    settings jsonb NOT NULL
);


ALTER TABLE public.socialaccount_socialapp OWNER TO "YXFWLfhnLXezPDUkUhYShgckhbdfOTek";

--
-- Name: socialaccount_socialapp_id_seq; Type: SEQUENCE; Schema: public; Owner: YXFWLfhnLXezPDUkUhYShgckhbdfOTek
--

ALTER TABLE public.socialaccount_socialapp ALTER COLUMN id ADD GENERATED BY DEFAULT AS IDENTITY (
    SEQUENCE NAME public.socialaccount_socialapp_id_seq
    START WITH 1
    INCREMENT BY 1
    NO MINVALUE
    NO MAXVALUE
    CACHE 1
);


--
-- Name: socialaccount_socialapp_sites; Type: TABLE; Schema: public; Owner: YXFWLfhnLXezPDUkUhYShgckhbdfOTek
--

CREATE TABLE public.socialaccount_socialapp_sites (
    id bigint NOT NULL,
    socialapp_id integer NOT NULL,
    site_id integer NOT NULL
);


ALTER TABLE public.socialaccount_socialapp_sites OWNER TO "YXFWLfhnLXezPDUkUhYShgckhbdfOTek";

--
-- Name: socialaccount_socialapp_sites_id_seq; Type: SEQUENCE; Schema: public; Owner: YXFWLfhnLXezPDUkUhYShgckhbdfOTek
--

ALTER TABLE public.socialaccount_socialapp_sites ALTER COLUMN id ADD GENERATED BY DEFAULT AS IDENTITY (
    SEQUENCE NAME public.socialaccount_socialapp_sites_id_seq
    START WITH 1
    INCREMENT BY 1
    NO MINVALUE
    NO MAXVALUE
    CACHE 1
);


--
-- Name: socialaccount_socialtoken; Type: TABLE; Schema: public; Owner: YXFWLfhnLXezPDUkUhYShgckhbdfOTek
--

CREATE TABLE public.socialaccount_socialtoken (
    id integer NOT NULL,
    token text NOT NULL,
    token_secret text NOT NULL,
    expires_at timestamp with time zone,
    account_id integer NOT NULL,
    app_id integer
);


ALTER TABLE public.socialaccount_socialtoken OWNER TO "YXFWLfhnLXezPDUkUhYShgckhbdfOTek";

--
-- Name: socialaccount_socialtoken_id_seq; Type: SEQUENCE; Schema: public; Owner: YXFWLfhnLXezPDUkUhYShgckhbdfOTek
--

ALTER TABLE public.socialaccount_socialtoken ALTER COLUMN id ADD GENERATED BY DEFAULT AS IDENTITY (
    SEQUENCE NAME public.socialaccount_socialtoken_id_seq
    START WITH 1
    INCREMENT BY 1
    NO MINVALUE
    NO MAXVALUE
    CACHE 1
);


--
-- Name: taxi_basalt_findus; Type: TABLE; Schema: public; Owner: YXFWLfhnLXezPDUkUhYShgckhbdfOTek
--

CREATE TABLE public.taxi_basalt_findus (
    id bigint NOT NULL,
    header character varying(100) NOT NULL,
    location_latitude character varying(100) NOT NULL,
    location_longitude character varying(100) NOT NULL
);


ALTER TABLE public.taxi_basalt_findus OWNER TO "YXFWLfhnLXezPDUkUhYShgckhbdfOTek";

--
-- Name: taxi_basalt_findus_id_seq; Type: SEQUENCE; Schema: public; Owner: YXFWLfhnLXezPDUkUhYShgckhbdfOTek
--

ALTER TABLE public.taxi_basalt_findus ALTER COLUMN id ADD GENERATED BY DEFAULT AS IDENTITY (
    SEQUENCE NAME public.taxi_basalt_findus_id_seq
    START WITH 1
    INCREMENT BY 1
    NO MINVALUE
    NO MAXVALUE
    CACHE 1
);


--
-- Name: taxi_basalt_footersection; Type: TABLE; Schema: public; Owner: YXFWLfhnLXezPDUkUhYShgckhbdfOTek
--

CREATE TABLE public.taxi_basalt_footersection (
    id bigint NOT NULL,
    telephone_header character varying(100) NOT NULL,
    telephone_text character varying(200) NOT NULL,
    fax_header character varying(100) NOT NULL,
    fax_text character varying(200) NOT NULL,
    mobile_header character varying(100) NOT NULL,
    mobile_text character varying(200) NOT NULL,
    email_header character varying(100) NOT NULL,
    email_text character varying(200) NOT NULL,
    website_header character varying(100) NOT NULL,
    website_text character varying(200) NOT NULL,
    address_header character varying(100) NOT NULL,
    address_text text NOT NULL,
    logo character varying(100) NOT NULL
);


ALTER TABLE public.taxi_basalt_footersection OWNER TO "YXFWLfhnLXezPDUkUhYShgckhbdfOTek";

--
-- Name: taxi_basalt_footersection_id_seq; Type: SEQUENCE; Schema: public; Owner: YXFWLfhnLXezPDUkUhYShgckhbdfOTek
--

ALTER TABLE public.taxi_basalt_footersection ALTER COLUMN id ADD GENERATED BY DEFAULT AS IDENTITY (
    SEQUENCE NAME public.taxi_basalt_footersection_id_seq
    START WITH 1
    INCREMENT BY 1
    NO MINVALUE
    NO MAXVALUE
    CACHE 1
);


--
-- Name: taxi_basalt_homesection; Type: TABLE; Schema: public; Owner: YXFWLfhnLXezPDUkUhYShgckhbdfOTek
--

CREATE TABLE public.taxi_basalt_homesection (
    id bigint NOT NULL,
    hero_header character varying(100) NOT NULL,
    hero_text character varying(200) NOT NULL,
    hero_button_text character varying(50) NOT NULL,
    hero_image character varying(100) NOT NULL
);


ALTER TABLE public.taxi_basalt_homesection OWNER TO "YXFWLfhnLXezPDUkUhYShgckhbdfOTek";

--
-- Name: taxi_basalt_homesection_id_seq; Type: SEQUENCE; Schema: public; Owner: YXFWLfhnLXezPDUkUhYShgckhbdfOTek
--

ALTER TABLE public.taxi_basalt_homesection ALTER COLUMN id ADD GENERATED BY DEFAULT AS IDENTITY (
    SEQUENCE NAME public.taxi_basalt_homesection_id_seq
    START WITH 1
    INCREMENT BY 1
    NO MINVALUE
    NO MAXVALUE
    CACHE 1
);


--
-- Name: taxi_basalt_imprint; Type: TABLE; Schema: public; Owner: YXFWLfhnLXezPDUkUhYShgckhbdfOTek
--

CREATE TABLE public.taxi_basalt_imprint (
    id bigint NOT NULL,
    header character varying(100) NOT NULL,
    firm_name_part_one character varying(100) NOT NULL,
    firm_name_part_two character varying(100) NOT NULL,
    firm_address_part_one character varying(100) NOT NULL,
    firm_address_part_two character varying(100) NOT NULL,
    phone_header character varying(100) NOT NULL,
    phone_text character varying(100) NOT NULL,
    fax_header character varying(100) NOT NULL,
    fax_text character varying(100) NOT NULL,
    mobile_header character varying(100) NOT NULL,
    mobile_text character varying(100) NOT NULL,
    email_header character varying(100) NOT NULL,
    email_text character varying(100) NOT NULL,
    website_header character varying(100) NOT NULL,
    website_text character varying(100) NOT NULL,
    ceo_header character varying(100) NOT NULL,
    ceo_text character varying(100) NOT NULL,
    commercial_register_header character varying(100) NOT NULL,
    commercial_register_text character varying(100) NOT NULL
);


ALTER TABLE public.taxi_basalt_imprint OWNER TO "YXFWLfhnLXezPDUkUhYShgckhbdfOTek";

--
-- Name: taxi_basalt_imprint_id_seq; Type: SEQUENCE; Schema: public; Owner: YXFWLfhnLXezPDUkUhYShgckhbdfOTek
--

ALTER TABLE public.taxi_basalt_imprint ALTER COLUMN id ADD GENERATED BY DEFAULT AS IDENTITY (
    SEQUENCE NAME public.taxi_basalt_imprint_id_seq
    START WITH 1
    INCREMENT BY 1
    NO MINVALUE
    NO MAXVALUE
    CACHE 1
);


--
-- Name: taxi_basalt_service; Type: TABLE; Schema: public; Owner: YXFWLfhnLXezPDUkUhYShgckhbdfOTek
--

CREATE TABLE public.taxi_basalt_service (
    id bigint NOT NULL,
    title character varying(100) NOT NULL,
    detail_title character varying(100),
    text character varying(200) NOT NULL,
    home_section_id bigint NOT NULL
);


ALTER TABLE public.taxi_basalt_service OWNER TO "YXFWLfhnLXezPDUkUhYShgckhbdfOTek";

--
-- Name: taxi_basalt_service_id_seq; Type: SEQUENCE; Schema: public; Owner: YXFWLfhnLXezPDUkUhYShgckhbdfOTek
--

ALTER TABLE public.taxi_basalt_service ALTER COLUMN id ADD GENERATED BY DEFAULT AS IDENTITY (
    SEQUENCE NAME public.taxi_basalt_service_id_seq
    START WITH 1
    INCREMENT BY 1
    NO MINVALUE
    NO MAXVALUE
    CACHE 1
);


--
-- Name: taxi_basalt_servicesection; Type: TABLE; Schema: public; Owner: YXFWLfhnLXezPDUkUhYShgckhbdfOTek
--

CREATE TABLE public.taxi_basalt_servicesection (
    id bigint NOT NULL,
    header character varying(100) NOT NULL
);


ALTER TABLE public.taxi_basalt_servicesection OWNER TO "YXFWLfhnLXezPDUkUhYShgckhbdfOTek";

--
-- Name: taxi_basalt_servicesection_id_seq; Type: SEQUENCE; Schema: public; Owner: YXFWLfhnLXezPDUkUhYShgckhbdfOTek
--

ALTER TABLE public.taxi_basalt_servicesection ALTER COLUMN id ADD GENERATED BY DEFAULT AS IDENTITY (
    SEQUENCE NAME public.taxi_basalt_servicesection_id_seq
    START WITH 1
    INCREMENT BY 1
    NO MINVALUE
    NO MAXVALUE
    CACHE 1
);


--
-- Name: taxi_basalt_vehicle; Type: TABLE; Schema: public; Owner: YXFWLfhnLXezPDUkUhYShgckhbdfOTek
--

CREATE TABLE public.taxi_basalt_vehicle (
    id bigint NOT NULL,
    header character varying(100) NOT NULL,
    image character varying(100) NOT NULL,
    vehicle_section_id bigint NOT NULL
);


ALTER TABLE public.taxi_basalt_vehicle OWNER TO "YXFWLfhnLXezPDUkUhYShgckhbdfOTek";

--
-- Name: taxi_basalt_vehicle_id_seq; Type: SEQUENCE; Schema: public; Owner: YXFWLfhnLXezPDUkUhYShgckhbdfOTek
--

ALTER TABLE public.taxi_basalt_vehicle ALTER COLUMN id ADD GENERATED BY DEFAULT AS IDENTITY (
    SEQUENCE NAME public.taxi_basalt_vehicle_id_seq
    START WITH 1
    INCREMENT BY 1
    NO MINVALUE
    NO MAXVALUE
    CACHE 1
);


--
-- Name: taxi_basalt_vehiclesection; Type: TABLE; Schema: public; Owner: YXFWLfhnLXezPDUkUhYShgckhbdfOTek
--

CREATE TABLE public.taxi_basalt_vehiclesection (
    id bigint NOT NULL,
    header character varying(100) NOT NULL,
    text character varying(200) NOT NULL
);


ALTER TABLE public.taxi_basalt_vehiclesection OWNER TO "YXFWLfhnLXezPDUkUhYShgckhbdfOTek";

--
-- Name: taxi_basalt_vehiclesection_id_seq; Type: SEQUENCE; Schema: public; Owner: YXFWLfhnLXezPDUkUhYShgckhbdfOTek
--

ALTER TABLE public.taxi_basalt_vehiclesection ALTER COLUMN id ADD GENERATED BY DEFAULT AS IDENTITY (
    SEQUENCE NAME public.taxi_basalt_vehiclesection_id_seq
    START WITH 1
    INCREMENT BY 1
    NO MINVALUE
    NO MAXVALUE
    CACHE 1
);


--
-- Name: users_user; Type: TABLE; Schema: public; Owner: YXFWLfhnLXezPDUkUhYShgckhbdfOTek
--

CREATE TABLE public.users_user (
    id bigint NOT NULL,
    password character varying(128) NOT NULL,
    last_login timestamp with time zone,
    is_superuser boolean NOT NULL,
    email character varying(254) NOT NULL,
    is_staff boolean NOT NULL,
    is_active boolean NOT NULL,
    date_joined timestamp with time zone NOT NULL,
    name character varying(255) NOT NULL
);


ALTER TABLE public.users_user OWNER TO "YXFWLfhnLXezPDUkUhYShgckhbdfOTek";

--
-- Name: users_user_groups; Type: TABLE; Schema: public; Owner: YXFWLfhnLXezPDUkUhYShgckhbdfOTek
--

CREATE TABLE public.users_user_groups (
    id bigint NOT NULL,
    user_id bigint NOT NULL,
    group_id integer NOT NULL
);


ALTER TABLE public.users_user_groups OWNER TO "YXFWLfhnLXezPDUkUhYShgckhbdfOTek";

--
-- Name: users_user_groups_id_seq; Type: SEQUENCE; Schema: public; Owner: YXFWLfhnLXezPDUkUhYShgckhbdfOTek
--

ALTER TABLE public.users_user_groups ALTER COLUMN id ADD GENERATED BY DEFAULT AS IDENTITY (
    SEQUENCE NAME public.users_user_groups_id_seq
    START WITH 1
    INCREMENT BY 1
    NO MINVALUE
    NO MAXVALUE
    CACHE 1
);


--
-- Name: users_user_id_seq; Type: SEQUENCE; Schema: public; Owner: YXFWLfhnLXezPDUkUhYShgckhbdfOTek
--

ALTER TABLE public.users_user ALTER COLUMN id ADD GENERATED BY DEFAULT AS IDENTITY (
    SEQUENCE NAME public.users_user_id_seq
    START WITH 1
    INCREMENT BY 1
    NO MINVALUE
    NO MAXVALUE
    CACHE 1
);


--
-- Name: users_user_user_permissions; Type: TABLE; Schema: public; Owner: YXFWLfhnLXezPDUkUhYShgckhbdfOTek
--

CREATE TABLE public.users_user_user_permissions (
    id bigint NOT NULL,
    user_id bigint NOT NULL,
    permission_id integer NOT NULL
);


ALTER TABLE public.users_user_user_permissions OWNER TO "YXFWLfhnLXezPDUkUhYShgckhbdfOTek";

--
-- Name: users_user_user_permissions_id_seq; Type: SEQUENCE; Schema: public; Owner: YXFWLfhnLXezPDUkUhYShgckhbdfOTek
--

ALTER TABLE public.users_user_user_permissions ALTER COLUMN id ADD GENERATED BY DEFAULT AS IDENTITY (
    SEQUENCE NAME public.users_user_user_permissions_id_seq
    START WITH 1
    INCREMENT BY 1
    NO MINVALUE
    NO MAXVALUE
    CACHE 1
);


--
-- Data for Name: account_emailaddress; Type: TABLE DATA; Schema: public; Owner: YXFWLfhnLXezPDUkUhYShgckhbdfOTek
--

COPY public.account_emailaddress (id, email, verified, "primary", user_id) FROM stdin;
\.


--
-- Data for Name: account_emailconfirmation; Type: TABLE DATA; Schema: public; Owner: YXFWLfhnLXezPDUkUhYShgckhbdfOTek
--

COPY public.account_emailconfirmation (id, created, sent, key, email_address_id) FROM stdin;
\.


--
-- Data for Name: auth_group; Type: TABLE DATA; Schema: public; Owner: YXFWLfhnLXezPDUkUhYShgckhbdfOTek
--

COPY public.auth_group (id, name) FROM stdin;
\.


--
-- Data for Name: auth_group_permissions; Type: TABLE DATA; Schema: public; Owner: YXFWLfhnLXezPDUkUhYShgckhbdfOTek
--

COPY public.auth_group_permissions (id, group_id, permission_id) FROM stdin;
\.


--
-- Data for Name: auth_permission; Type: TABLE DATA; Schema: public; Owner: YXFWLfhnLXezPDUkUhYShgckhbdfOTek
--

COPY public.auth_permission (id, name, content_type_id, codename) FROM stdin;
1	Can add permission	1	add_permission
2	Can change permission	1	change_permission
3	Can delete permission	1	delete_permission
4	Can view permission	1	view_permission
5	Can add group	2	add_group
6	Can change group	2	change_group
7	Can delete group	2	delete_group
8	Can view group	2	view_group
9	Can add content type	3	add_contenttype
10	Can change content type	3	change_contenttype
11	Can delete content type	3	delete_contenttype
12	Can view content type	3	view_contenttype
13	Can add session	4	add_session
14	Can change session	4	change_session
15	Can delete session	4	delete_session
16	Can view session	4	view_session
17	Can add site	5	add_site
18	Can change site	5	change_site
19	Can delete site	5	delete_site
20	Can view site	5	view_site
21	Can add log entry	6	add_logentry
22	Can change log entry	6	change_logentry
23	Can delete log entry	6	delete_logentry
24	Can view log entry	6	view_logentry
25	Can add email address	7	add_emailaddress
26	Can change email address	7	change_emailaddress
27	Can delete email address	7	delete_emailaddress
28	Can view email address	7	view_emailaddress
29	Can add email confirmation	8	add_emailconfirmation
30	Can change email confirmation	8	change_emailconfirmation
31	Can delete email confirmation	8	delete_emailconfirmation
32	Can view email confirmation	8	view_emailconfirmation
33	Can add authenticator	9	add_authenticator
34	Can change authenticator	9	change_authenticator
35	Can delete authenticator	9	delete_authenticator
36	Can view authenticator	9	view_authenticator
37	Can add social account	10	add_socialaccount
38	Can change social account	10	change_socialaccount
39	Can delete social account	10	delete_socialaccount
40	Can view social account	10	view_socialaccount
41	Can add social application	11	add_socialapp
42	Can change social application	11	change_socialapp
43	Can delete social application	11	delete_socialapp
44	Can view social application	11	view_socialapp
45	Can add social application token	12	add_socialtoken
46	Can change social application token	12	change_socialtoken
47	Can delete social application token	12	delete_socialtoken
48	Can view social application token	12	view_socialtoken
49	Can add user	13	add_user
50	Can change user	13	change_user
51	Can delete user	13	delete_user
52	Can view user	13	view_user
53	Can add footer section	14	add_footersection
54	Can change footer section	14	change_footersection
55	Can delete footer section	14	delete_footersection
56	Can view footer section	14	view_footersection
57	Can add Cookie	15	add_cookie
58	Can change Cookie	15	change_cookie
59	Can delete Cookie	15	delete_cookie
60	Can view Cookie	15	view_cookie
61	Can add Cookie Group	16	add_cookiegroup
62	Can change Cookie Group	16	change_cookiegroup
63	Can delete Cookie Group	16	delete_cookiegroup
64	Can view Cookie Group	16	view_cookiegroup
65	Can add Log item	17	add_logitem
66	Can change Log item	17	change_logitem
67	Can delete Log item	17	delete_logitem
68	Can view Log item	17	view_logitem
69	Can add home section	18	add_homesection
70	Can change home section	18	change_homesection
71	Can delete home section	18	delete_homesection
72	Can view home section	18	view_homesection
73	Can add service	19	add_service
74	Can change service	19	change_service
75	Can delete service	19	delete_service
76	Can view service	19	view_service
77	Can add service section	20	add_servicesection
78	Can change service section	20	change_servicesection
79	Can delete service section	20	delete_servicesection
80	Can view service section	20	view_servicesection
81	Can add vehicle	21	add_vehicle
82	Can change vehicle	21	change_vehicle
83	Can delete vehicle	21	delete_vehicle
84	Can view vehicle	21	view_vehicle
85	Can add vehicle section	22	add_vehiclesection
86	Can change vehicle section	22	change_vehiclesection
87	Can delete vehicle section	22	delete_vehiclesection
88	Can view vehicle section	22	view_vehiclesection
89	Can add find us	23	add_findus
90	Can change find us	23	change_findus
91	Can delete find us	23	delete_findus
92	Can view find us	23	view_findus
93	Can add imprint	24	add_imprint
94	Can change imprint	24	change_imprint
95	Can delete imprint	24	delete_imprint
96	Can view imprint	24	view_imprint
\.


--
-- Data for Name: cookie_consent_cookie; Type: TABLE DATA; Schema: public; Owner: YXFWLfhnLXezPDUkUhYShgckhbdfOTek
--

COPY public.cookie_consent_cookie (id, name, description, path, domain, created, cookiegroup_id) FROM stdin;
1	map-cookie	Diese Webseite verwendet Cookies, um Google Maps korrekt anzuzeigen. Google Maps ist ein Service von Google, der Ihnen interaktive Karten bietet. Durch die Nutzung dieser Seite erklären Sie sich mit der Verwendung von Google Maps und der damit verbundenen Speicherung und Verarbeitung Ihrer Daten durch Google gemäß den Google Datenschutzbestimmungen einverstanden.	/		2025-04-03 15:43:00.695226+00	1
\.


--
-- Data for Name: cookie_consent_cookiegroup; Type: TABLE DATA; Schema: public; Owner: YXFWLfhnLXezPDUkUhYShgckhbdfOTek
--

COPY public.cookie_consent_cookiegroup (id, varname, name, description, is_required, is_deletable, ordering, created) FROM stdin;
1	google_maps	Map Cookie Group	Das ist ein Cookie um den Karte zu sehen	f	t	0	2025-04-03 15:42:36.176874+00
\.


--
-- Data for Name: cookie_consent_logitem; Type: TABLE DATA; Schema: public; Owner: YXFWLfhnLXezPDUkUhYShgckhbdfOTek
--

COPY public.cookie_consent_logitem (id, action, version, created, cookiegroup_id) FROM stdin;
13	1	2025-04-03T15:43:00.695226+00:00	2025-04-04 02:50:00.146475+00	1
14	1	2025-04-03T15:43:00.695226+00:00	2025-04-04 02:50:26.441824+00	1
15	1	2025-04-03T15:43:00.695226+00:00	2025-04-04 02:53:52.533093+00	1
16	-1	2025-04-03T15:43:00.695226+00:00	2025-04-04 02:54:25.246132+00	1
17	1	2025-04-03T15:43:00.695226+00:00	2025-04-04 02:54:49.1661+00	1
18	1	2025-04-03T15:43:00.695226+00:00	2025-04-04 03:09:29.673949+00	1
19	1	2025-04-03T15:43:00.695226+00:00	2025-04-04 03:19:18.403155+00	1
20	1	2025-04-03T15:43:00.695226+00:00	2025-04-04 03:28:11.774453+00	1
21	-1	2025-04-03T15:43:00.695226+00:00	2025-04-04 03:29:17.260398+00	1
22	1	2025-04-03T15:43:00.695226+00:00	2025-04-04 03:44:23.960976+00	1
23	-1	2025-04-03T15:43:00.695226+00:00	2025-04-04 03:46:42.14512+00	1
24	-1	2025-04-03T15:43:00.695226+00:00	2025-04-04 03:46:48.834658+00	1
25	1	2025-04-03T15:43:00.695226+00:00	2025-04-04 03:46:50.668663+00	1
26	1	2025-04-03T15:43:00.695226+00:00	2025-04-04 03:50:50.581865+00	1
27	1	2025-04-03T15:43:00.695226+00:00	2025-04-04 03:53:44.90483+00	1
28	-1	2025-04-03T15:43:00.695226+00:00	2025-04-04 03:54:08.31689+00	1
29	1	2025-04-03T15:43:00.695226+00:00	2025-04-04 03:54:14.935577+00	1
30	1	2025-04-03T15:43:00.695226+00:00	2025-04-04 03:54:18.860924+00	1
31	1	2025-04-03T15:43:00.695226+00:00	2025-04-04 03:54:20.149583+00	1
32	-1	2025-04-03T15:43:00.695226+00:00	2025-04-04 03:56:20.669349+00	1
33	-1	2025-04-03T15:43:00.695226+00:00	2025-04-04 03:56:23.297223+00	1
34	1	2025-04-03T15:43:00.695226+00:00	2025-04-04 03:56:44.153826+00	1
35	1	2025-04-03T15:43:00.695226+00:00	2025-04-04 03:56:46.733569+00	1
36	-1	2025-04-03T15:43:00.695226+00:00	2025-04-04 03:56:55.768198+00	1
37	1	2025-04-03T15:43:00.695226+00:00	2025-04-04 03:56:57.892937+00	1
38	1	2025-04-03T15:43:00.695226+00:00	2025-04-04 03:57:35.480156+00	1
39	-1	2025-04-03T15:43:00.695226+00:00	2025-04-04 03:57:45.709051+00	1
40	1	2025-04-03T15:43:00.695226+00:00	2025-04-04 03:57:48.518449+00	1
41	-1	2025-04-03T15:43:00.695226+00:00	2025-04-04 04:03:19.862472+00	1
42	1	2025-04-03T15:43:00.695226+00:00	2025-04-04 04:03:27.017621+00	1
43	1	2025-04-03T15:43:00.695226+00:00	2025-04-04 04:03:30.151032+00	1
\.


--
-- Data for Name: django_admin_log; Type: TABLE DATA; Schema: public; Owner: YXFWLfhnLXezPDUkUhYShgckhbdfOTek
--

COPY public.django_admin_log (id, action_time, object_id, object_repr, action_flag, change_message, content_type_id, user_id) FROM stdin;
1	2025-04-03 14:48:38.002477+00	1	FooterSection object (1)	1	[{"added": {}}]	14	1
2	2025-04-03 15:04:24.833331+00	1	FooterSection object (1)	2	[{"changed": {"fields": ["Adresse Text"]}}]	14	1
3	2025-04-03 15:05:31.434442+00	1	FooterSection object (1)	2	[{"changed": {"fields": ["Adresse Text"]}}]	14	1
4	2025-04-03 15:05:41.406281+00	1	FooterSection object (1)	2	[{"changed": {"fields": ["Adresse Text"]}}]	14	1
5	2025-04-03 15:06:21.102803+00	1	FooterSection object (1)	2	[{"changed": {"fields": ["Adresse Text"]}}]	14	1
6	2025-04-03 15:12:22.983785+00	1	FooterSection object (1)	2	[]	14	1
7	2025-04-03 15:12:52.457185+00	1	FooterSection object (1)	3		14	1
8	2025-04-03 15:16:43.37519+00	2	FooterSection object (2)	1	[{"added": {}}]	14	1
9	2025-04-03 15:42:36.199625+00	1	Map	1	[{"added": {}}]	16	1
10	2025-04-03 15:43:00.704959+00	1	Map Cookie /	1	[{"added": {}}]	15	1
11	2025-04-03 23:46:40.837597+00	1	Map Cookie /	2	[{"changed": {"fields": ["Description"]}}]	15	1
12	2025-04-03 23:53:27.441283+00	1	map-cookie /	2	[{"changed": {"fields": ["Name"]}}]	15	1
13	2025-04-03 23:54:43.562293+00	1	Map Cookie Group	2	[{"changed": {"fields": ["Name"]}}]	16	1
14	2025-04-04 02:37:24.89793+00	12	Map Cookie Group 2025-04-03T15:43:00.695226+00:00	3		17	1
15	2025-04-04 02:37:24.90546+00	11	Map Cookie Group 2025-04-03T15:43:00.695226+00:00	3		17	1
16	2025-04-04 02:37:24.907265+00	10	Map Cookie Group 2025-04-03T15:43:00.695226+00:00	3		17	1
17	2025-04-04 02:37:24.908842+00	9	Map Cookie Group 2025-04-03T15:43:00.695226+00:00	3		17	1
18	2025-04-04 02:37:24.910425+00	8	Map Cookie Group 2025-04-03T15:43:00.695226+00:00	3		17	1
19	2025-04-04 02:37:24.9118+00	7	Map Cookie Group 2025-04-03T15:43:00.695226+00:00	3		17	1
20	2025-04-04 02:37:24.913158+00	6	Map Cookie Group 2025-04-03T15:43:00.695226+00:00	3		17	1
21	2025-04-04 02:37:24.914678+00	5	Map Cookie Group 2025-04-03T15:43:00.695226+00:00	3		17	1
22	2025-04-04 02:37:24.917378+00	4	Map Cookie Group 2025-04-03T15:43:00.695226+00:00	3		17	1
23	2025-04-04 02:37:24.919695+00	3	Map Cookie Group 2025-04-03T15:43:00.695226+00:00	3		17	1
24	2025-04-04 02:37:24.921053+00	2	Map Cookie Group 2025-04-03T15:43:00.695226+00:00	3		17	1
25	2025-04-04 02:37:24.922573+00	1	Map Cookie Group 2025-04-03T15:43:00.695226+00:00	3		17	1
26	2025-04-04 03:19:08.934062+00	1	Map Cookie Group	2	[{"changed": {"fields": ["Variable name"]}}]	16	1
27	2025-04-04 04:29:59.332923+00	1	Taxibasalt 19 Ihr Weg – unser Auftrag Taxibetrieb Basaltstraße	1	[{"added": {}}]	18	1
28	2025-04-04 04:31:20.28287+00	1	Wir bieten	1	[{"added": {}}]	20	1
29	2025-04-04 04:31:58.031402+00	1	Krankenfahrten	1	[{"added": {}}]	19	1
30	2025-04-04 04:32:16.807662+00	2	Rollstuhlfahrten	1	[{"added": {}}]	19	1
31	2025-04-04 04:32:41.591708+00	3	Direktabrechnung	1	[{"added": {}}]	19	1
32	2025-04-04 04:33:00.573596+00	4	Schulkinderfahrten	1	[{"added": {}}]	19	1
33	2025-04-04 04:33:17.646562+00	5	Flughafentransfers	1	[{"added": {}}]	19	1
34	2025-04-04 04:33:32.683074+00	6	Kreditfahrten	1	[{"added": {}}]	19	1
35	2025-04-04 04:33:58.874053+00	1	Unsere Fahrzeugflotte umfasst inzwischen 19-Mercedes Fahrzeuge.	1	[{"added": {}}]	22	1
36	2025-04-04 04:34:31.828108+00	1	E-Klasse Limousine	1	[{"added": {}}]	21	1
37	2025-04-04 04:34:49.272989+00	2	E-Klasse Kombis	1	[{"added": {}}]	21	1
38	2025-04-04 04:35:25.112862+00	3	vier Großraumtaxen (Vito)	1	[{"added": {}}]	21	1
39	2025-04-04 04:35:57.977951+00	4	Spezielles Rollstuhlfahrzeug.	1	[{"added": {}}]	21	1
40	2025-04-04 04:36:59.943466+00	3	vier Großraumtaxen (Vito)	2	[]	21	1
41	2025-04-04 04:37:35.883514+00	5	Zwei Elektrofahrzeuge	1	[{"added": {}}]	21	1
42	2025-04-04 04:38:00.434248+00	1	E-Klasse Limousinen	2	[{"changed": {"fields": ["Kopf Text"]}}]	21	1
43	2025-04-04 04:38:14.161295+00	3	Zwei Großraumtaxen (Vito)	2	[{"changed": {"fields": ["Kopf Text"]}}]	21	1
44	2025-04-04 04:38:29.379668+00	4	Zwei spezielle Rollstuhlfahrzeuge.	2	[{"changed": {"fields": ["Kopf Text"]}}]	21	1
45	2025-04-04 04:38:57.897102+00	3	Großraumtaxen (Vito)	2	[{"changed": {"fields": ["Kopf Text"]}}]	21	1
46	2025-04-04 04:39:30.071196+00	1	Unsere Fahrzeugflotte umfasst inzwischen 26-Mercedes Fahrzeuge.	2	[{"changed": {"fields": ["Kopf Text"]}}]	22	1
47	2025-04-04 06:23:56.860279+00	1	Impressum	1	[{"added": {}}]	24	1
48	2025-04-04 06:38:03.537888+00	1	Hier finden Sie uns!	1	[{"added": {}}]	23	1
49	2025-04-05 04:42:35.321544+00	6	Kreditfahrten	2	[]	19	1
\.


--
-- Data for Name: django_content_type; Type: TABLE DATA; Schema: public; Owner: YXFWLfhnLXezPDUkUhYShgckhbdfOTek
--

COPY public.django_content_type (id, app_label, model) FROM stdin;
1	auth	permission
2	auth	group
3	contenttypes	contenttype
4	sessions	session
5	sites	site
6	admin	logentry
7	account	emailaddress
8	account	emailconfirmation
9	mfa	authenticator
10	socialaccount	socialaccount
11	socialaccount	socialapp
12	socialaccount	socialtoken
13	users	user
14	taxi_basalt	footersection
15	cookie_consent	cookie
16	cookie_consent	cookiegroup
17	cookie_consent	logitem
18	taxi_basalt	homesection
19	taxi_basalt	service
20	taxi_basalt	servicesection
21	taxi_basalt	vehicle
22	taxi_basalt	vehiclesection
23	taxi_basalt	findus
24	taxi_basalt	imprint
\.


--
-- Data for Name: django_migrations; Type: TABLE DATA; Schema: public; Owner: YXFWLfhnLXezPDUkUhYShgckhbdfOTek
--

COPY public.django_migrations (id, app, name, applied) FROM stdin;
1	contenttypes	0001_initial	2025-02-17 08:24:33.839225+00
2	contenttypes	0002_remove_content_type_name	2025-02-17 08:24:33.849578+00
3	auth	0001_initial	2025-02-17 08:24:33.957271+00
4	auth	0002_alter_permission_name_max_length	2025-02-17 08:24:33.967574+00
5	auth	0003_alter_user_email_max_length	2025-02-17 08:24:33.977403+00
6	auth	0004_alter_user_username_opts	2025-02-17 08:24:33.988253+00
7	auth	0005_alter_user_last_login_null	2025-02-17 08:24:33.998263+00
8	auth	0006_require_contenttypes_0002	2025-02-17 08:24:34.003557+00
9	auth	0007_alter_validators_add_error_messages	2025-02-17 08:24:34.016763+00
10	auth	0008_alter_user_username_max_length	2025-02-17 08:24:34.02908+00
11	auth	0009_alter_user_last_name_max_length	2025-02-17 08:24:34.039498+00
12	auth	0010_alter_group_name_max_length	2025-02-17 08:24:34.051546+00
13	auth	0011_update_proxy_permissions	2025-02-17 08:24:34.062414+00
14	auth	0012_alter_user_first_name_max_length	2025-02-17 08:24:34.073963+00
15	users	0001_initial	2025-02-17 08:24:34.199326+00
16	account	0001_initial	2025-02-17 08:24:34.257351+00
17	account	0002_email_max_length	2025-02-17 08:24:34.278163+00
18	account	0003_alter_emailaddress_create_unique_verified_email	2025-02-17 08:24:34.318223+00
19	account	0004_alter_emailaddress_drop_unique_email	2025-02-17 08:24:34.340937+00
20	account	0005_emailaddress_idx_upper_email	2025-02-17 08:24:34.361604+00
21	account	0006_emailaddress_lower	2025-02-17 08:24:34.379199+00
22	account	0007_emailaddress_idx_email	2025-02-17 08:24:34.404504+00
23	account	0008_emailaddress_unique_primary_email_fixup	2025-02-17 08:24:34.420342+00
24	account	0009_emailaddress_unique_primary_email	2025-02-17 08:24:34.436624+00
25	admin	0001_initial	2025-02-17 08:24:34.463661+00
26	admin	0002_logentry_remove_auto_add	2025-02-17 08:24:34.473652+00
27	admin	0003_logentry_add_action_flag_choices	2025-02-17 08:24:34.483157+00
28	mfa	0001_initial	2025-02-17 08:24:34.512088+00
29	mfa	0002_authenticator_timestamps	2025-02-17 08:24:34.534546+00
30	mfa	0003_authenticator_type_uniq	2025-02-17 08:24:34.572958+00
31	sessions	0001_initial	2025-02-17 08:24:34.587802+00
32	sites	0001_initial	2025-02-17 08:24:34.597319+00
33	sites	0002_alter_domain_unique	2025-02-17 08:24:34.608623+00
34	sites	0003_set_site_domain_and_name	2025-02-17 08:24:34.63234+00
35	sites	0004_alter_options_ordering_domain	2025-02-17 08:24:34.637276+00
36	socialaccount	0001_initial	2025-02-17 08:24:34.733404+00
37	socialaccount	0002_token_max_lengths	2025-02-17 08:24:34.760403+00
38	socialaccount	0003_extra_data_default_dict	2025-02-17 08:24:34.772305+00
39	socialaccount	0004_app_provider_id_settings	2025-02-17 08:24:34.801194+00
40	socialaccount	0005_socialtoken_nullable_app	2025-02-17 08:24:34.826774+00
41	socialaccount	0006_alter_socialaccount_extra_data	2025-02-17 08:24:34.851364+00
42	taxi_basalt	0001_initial	2025-04-03 06:47:00.188732+00
43	cookie_consent	0001_initial	2025-04-03 14:12:39.685448+00
44	cookie_consent	0002_auto__add_logitem	2025-04-03 14:12:39.707279+00
45	cookie_consent	0003_alter_cookiegroup_varname	2025-04-03 14:12:39.727271+00
46	cookie_consent	0004_cookie_natural_key	2025-04-03 14:12:39.739982+00
47	taxi_basalt	0002_alter_footersection_address_text	2025-04-03 15:14:19.163188+00
48	taxi_basalt	0003_homesection_servicesection_vehiclesection_service_and_more	2025-04-04 04:26:30.968955+00
49	taxi_basalt	0004_findus_imprint	2025-04-04 06:08:03.286235+00
\.


--
-- Data for Name: django_session; Type: TABLE DATA; Schema: public; Owner: YXFWLfhnLXezPDUkUhYShgckhbdfOTek
--

COPY public.django_session (session_key, session_data, expire_date) FROM stdin;
kbj3j6a0vupcqdgogvuvvno51lenb04m	.eJxVjDsOwjAQBe_iGln-xD9Kes5grXdtHEC2FCcV4u4QKQW0b2bei0XY1hq3kZc4EzszyU6_WwJ85LYDukO7dY69rcuc-K7wgw5-7ZSfl8P9O6gw6rf2QZFNEvxUQFphFGi0QmICnXwmq0UJojgDGiSEYiZHxttMGpUzjpC9P-BXN_s:1u0Ee8:rYPtWmMS3I-cGLpBYt4TxpIF2x3KpkxWAJNbQ9pG04c	2025-04-17 07:05:52.730535+00
\.


--
-- Data for Name: django_site; Type: TABLE DATA; Schema: public; Owner: YXFWLfhnLXezPDUkUhYShgckhbdfOTek
--

COPY public.django_site (id, domain, name) FROM stdin;
1	taxibasalt19.de	taxi_basalt_website
\.


--
-- Data for Name: mfa_authenticator; Type: TABLE DATA; Schema: public; Owner: YXFWLfhnLXezPDUkUhYShgckhbdfOTek
--

COPY public.mfa_authenticator (id, type, data, user_id, created_at, last_used_at) FROM stdin;
\.


--
-- Data for Name: socialaccount_socialaccount; Type: TABLE DATA; Schema: public; Owner: YXFWLfhnLXezPDUkUhYShgckhbdfOTek
--

COPY public.socialaccount_socialaccount (id, provider, uid, last_login, date_joined, extra_data, user_id) FROM stdin;
\.


--
-- Data for Name: socialaccount_socialapp; Type: TABLE DATA; Schema: public; Owner: YXFWLfhnLXezPDUkUhYShgckhbdfOTek
--

COPY public.socialaccount_socialapp (id, provider, name, client_id, secret, key, provider_id, settings) FROM stdin;
\.


--
-- Data for Name: socialaccount_socialapp_sites; Type: TABLE DATA; Schema: public; Owner: YXFWLfhnLXezPDUkUhYShgckhbdfOTek
--

COPY public.socialaccount_socialapp_sites (id, socialapp_id, site_id) FROM stdin;
\.


--
-- Data for Name: socialaccount_socialtoken; Type: TABLE DATA; Schema: public; Owner: YXFWLfhnLXezPDUkUhYShgckhbdfOTek
--

COPY public.socialaccount_socialtoken (id, token, token_secret, expires_at, account_id, app_id) FROM stdin;
\.


--
-- Data for Name: taxi_basalt_findus; Type: TABLE DATA; Schema: public; Owner: YXFWLfhnLXezPDUkUhYShgckhbdfOTek
--

COPY public.taxi_basalt_findus (id, header, location_latitude, location_longitude) FROM stdin;
1	Hier finden Sie uns!	50.12495946661943	8.6423066
\.


--
-- Data for Name: taxi_basalt_footersection; Type: TABLE DATA; Schema: public; Owner: YXFWLfhnLXezPDUkUhYShgckhbdfOTek
--

COPY public.taxi_basalt_footersection (id, telephone_header, telephone_text, fax_header, fax_text, mobile_header, mobile_text, email_header, email_text, website_header, website_text, address_header, address_text, logo) FROM stdin;
2	Fon	069 97074980	Fax	069 97074970	Mobil	0171 3504742	E-Mail	Info@taxibasalt19.de	Taxi schule	info@taxibasalt19.de	Adresse	Basaltstraße 19\r\n60487 Frankfurt	footer/firmenlogo_qPluBUx.gif
\.


--
-- Data for Name: taxi_basalt_homesection; Type: TABLE DATA; Schema: public; Owner: YXFWLfhnLXezPDUkUhYShgckhbdfOTek
--

COPY public.taxi_basalt_homesection (id, hero_header, hero_text, hero_button_text, hero_image) FROM stdin;
1	Taxibasalt 19 Ihr Weg – unser Auftrag Taxibetrieb Basaltstraße	Willkommen bei Taxibasalt 19 – Ihrem zuverlässigen Partner für sichere und komfortable Krankenfahrten in Frankfurt am Main und Umgebung.	Unsere App	hero_images/hero.jpg
\.


--
-- Data for Name: taxi_basalt_imprint; Type: TABLE DATA; Schema: public; Owner: YXFWLfhnLXezPDUkUhYShgckhbdfOTek
--

COPY public.taxi_basalt_imprint (id, header, firm_name_part_one, firm_name_part_two, firm_address_part_one, firm_address_part_two, phone_header, phone_text, fax_header, fax_text, mobile_header, mobile_text, email_header, email_text, website_header, website_text, ceo_header, ceo_text, commercial_register_header, commercial_register_text) FROM stdin;
1	Impressum	Jupiter Taxi GmbH	- Taxi Basalt -	Basaltstraße 19	60487 Frankfurt	Fon:	069 97074980	Fax:	069 97074970	Mobil:	0171 3504742	E-Mail:	info@taxibasalt19.de	Web:	www.taxibasalt19.de	Geschäftsführer:	Frank Benner	Handelsregister:	Amtsgericht Frankfurt am Main, HRB 76268
\.


--
-- Data for Name: taxi_basalt_service; Type: TABLE DATA; Schema: public; Owner: YXFWLfhnLXezPDUkUhYShgckhbdfOTek
--

COPY public.taxi_basalt_service (id, title, detail_title, text, home_section_id) FROM stdin;
1	Krankenfahrten	(Dialyse, Chemo, Bestrahlung, Serienfahrten aller Art)	Vertrauen Sie auf unseren zuverlässigen Transport für Ihre medizinischen Fahrten. Wir bieten sicheren und komfortablen Transport zu regelmäßigen Behandlungen wie Dialyse, Chemotherapie, Bestrahlung od	1
2	Rollstuhlfahrten	\N	Unsere speziell ausgestatteten Fahrzeuge sorgen dafür, dass Sie sicher und bequem in einem Rollstuhl transportiert werden. Mit viel Erfahrung und Einfühlungsvermögen bringen wir Sie an Ihr Ziel, ob	1
3	Direktabrechnung	mit allen gesetzlichen Krankenkassen	Wir kümmern uns um die Abrechnung direkt mit Ihrer gesetzlichen Krankenkasse. So können Sie sich ganz auf Ihre Behandlung konzentrieren, ohne sich um die finanziellen Aspekte der Fahrt sorgen zu müsse	1
4	Schulkinderfahrten	\N	Ihre Kinder sind bei uns in sicheren Händen! Wir bieten pünktlichen und sicheren Transport zu Schulen und zurück. Unser geschultes Personal sorgt für eine zuverlässige und verantwortungsvolle Beförder	1
5	Flughafentransfers	\N	Starten Sie stressfrei in den Urlaub oder Ihre Geschäftsreise. Mit unseren Flughafentransfers bringen wir Sie zuverlässig und komfortabel zu allen wichtigen Flughäfen in der Region und holen Sie auch	1
6	Kreditfahrten	\N	Auch in schwierigen Zeiten lassen wir Sie nicht alleine! Wir bieten flexible Kreditfahrten an, die Ihnen ermöglichen, wichtige Termine wahrzunehmen, auch wenn Sie die Fahrt zunächst nicht direkt bezah	1
\.


--
-- Data for Name: taxi_basalt_servicesection; Type: TABLE DATA; Schema: public; Owner: YXFWLfhnLXezPDUkUhYShgckhbdfOTek
--

COPY public.taxi_basalt_servicesection (id, header) FROM stdin;
1	Wir bieten
\.


--
-- Data for Name: taxi_basalt_vehicle; Type: TABLE DATA; Schema: public; Owner: YXFWLfhnLXezPDUkUhYShgckhbdfOTek
--

COPY public.taxi_basalt_vehicle (id, header, image, vehicle_section_id) FROM stdin;
2	E-Klasse Kombis	vehicles/kombi.jpg	1
5	Zwei Elektrofahrzeuge	vehicles/hero.jpg	1
1	E-Klasse Limousinen	vehicles/limo.jpg	1
4	Zwei spezielle Rollstuhlfahrzeuge.	vehicles/special.original1024.jpeg	1
3	Großraumtaxen (Vito)	vehicles/vito.jpg	1
\.


--
-- Data for Name: taxi_basalt_vehiclesection; Type: TABLE DATA; Schema: public; Owner: YXFWLfhnLXezPDUkUhYShgckhbdfOTek
--

COPY public.taxi_basalt_vehiclesection (id, header, text) FROM stdin;
1	Unsere Fahrzeugflotte umfasst inzwischen 26-Mercedes Fahrzeuge.	Unsere Fahrzeugflotte umfasst inzwischen 19-Mercedes Fahrzeuge.
\.


--
-- Data for Name: users_user; Type: TABLE DATA; Schema: public; Owner: YXFWLfhnLXezPDUkUhYShgckhbdfOTek
--

COPY public.users_user (id, password, last_login, is_superuser, email, is_staff, is_active, date_joined, name) FROM stdin;
1	argon2$argon2id$v=19$m=102400,t=2,p=8$NVF3U3lTQkdETnBtbmREaXk1ZDg0Wg$I800IPjxapDrf86o0POtSpH4Ch/et04lByGVYfOmpro	2025-04-03 07:05:52.671049+00	t	test@test.com	t	t	2025-02-17 08:24:48.432406+00	
\.


--
-- Data for Name: users_user_groups; Type: TABLE DATA; Schema: public; Owner: YXFWLfhnLXezPDUkUhYShgckhbdfOTek
--

COPY public.users_user_groups (id, user_id, group_id) FROM stdin;
\.


--
-- Data for Name: users_user_user_permissions; Type: TABLE DATA; Schema: public; Owner: YXFWLfhnLXezPDUkUhYShgckhbdfOTek
--

COPY public.users_user_user_permissions (id, user_id, permission_id) FROM stdin;
\.


--
-- Name: account_emailaddress_id_seq; Type: SEQUENCE SET; Schema: public; Owner: YXFWLfhnLXezPDUkUhYShgckhbdfOTek
--

SELECT pg_catalog.setval('public.account_emailaddress_id_seq', 1, false);


--
-- Name: account_emailconfirmation_id_seq; Type: SEQUENCE SET; Schema: public; Owner: YXFWLfhnLXezPDUkUhYShgckhbdfOTek
--

SELECT pg_catalog.setval('public.account_emailconfirmation_id_seq', 1, false);


--
-- Name: auth_group_id_seq; Type: SEQUENCE SET; Schema: public; Owner: YXFWLfhnLXezPDUkUhYShgckhbdfOTek
--

SELECT pg_catalog.setval('public.auth_group_id_seq', 1, false);


--
-- Name: auth_group_permissions_id_seq; Type: SEQUENCE SET; Schema: public; Owner: YXFWLfhnLXezPDUkUhYShgckhbdfOTek
--

SELECT pg_catalog.setval('public.auth_group_permissions_id_seq', 1, false);


--
-- Name: auth_permission_id_seq; Type: SEQUENCE SET; Schema: public; Owner: YXFWLfhnLXezPDUkUhYShgckhbdfOTek
--

SELECT pg_catalog.setval('public.auth_permission_id_seq', 96, true);


--
-- Name: cookie_consent_cookie_id_seq; Type: SEQUENCE SET; Schema: public; Owner: YXFWLfhnLXezPDUkUhYShgckhbdfOTek
--

SELECT pg_catalog.setval('public.cookie_consent_cookie_id_seq', 1, true);


--
-- Name: cookie_consent_cookiegroup_id_seq; Type: SEQUENCE SET; Schema: public; Owner: YXFWLfhnLXezPDUkUhYShgckhbdfOTek
--

SELECT pg_catalog.setval('public.cookie_consent_cookiegroup_id_seq', 1, true);


--
-- Name: cookie_consent_logitem_id_seq; Type: SEQUENCE SET; Schema: public; Owner: YXFWLfhnLXezPDUkUhYShgckhbdfOTek
--

SELECT pg_catalog.setval('public.cookie_consent_logitem_id_seq', 43, true);


--
-- Name: django_admin_log_id_seq; Type: SEQUENCE SET; Schema: public; Owner: YXFWLfhnLXezPDUkUhYShgckhbdfOTek
--

SELECT pg_catalog.setval('public.django_admin_log_id_seq', 49, true);


--
-- Name: django_content_type_id_seq; Type: SEQUENCE SET; Schema: public; Owner: YXFWLfhnLXezPDUkUhYShgckhbdfOTek
--

SELECT pg_catalog.setval('public.django_content_type_id_seq', 24, true);


--
-- Name: django_migrations_id_seq; Type: SEQUENCE SET; Schema: public; Owner: YXFWLfhnLXezPDUkUhYShgckhbdfOTek
--

SELECT pg_catalog.setval('public.django_migrations_id_seq', 49, true);


--
-- Name: django_site_id_seq; Type: SEQUENCE SET; Schema: public; Owner: YXFWLfhnLXezPDUkUhYShgckhbdfOTek
--

SELECT pg_catalog.setval('public.django_site_id_seq', 2, false);


--
-- Name: mfa_authenticator_id_seq; Type: SEQUENCE SET; Schema: public; Owner: YXFWLfhnLXezPDUkUhYShgckhbdfOTek
--

SELECT pg_catalog.setval('public.mfa_authenticator_id_seq', 1, false);


--
-- Name: socialaccount_socialaccount_id_seq; Type: SEQUENCE SET; Schema: public; Owner: YXFWLfhnLXezPDUkUhYShgckhbdfOTek
--

SELECT pg_catalog.setval('public.socialaccount_socialaccount_id_seq', 1, false);


--
-- Name: socialaccount_socialapp_id_seq; Type: SEQUENCE SET; Schema: public; Owner: YXFWLfhnLXezPDUkUhYShgckhbdfOTek
--

SELECT pg_catalog.setval('public.socialaccount_socialapp_id_seq', 1, false);


--
-- Name: socialaccount_socialapp_sites_id_seq; Type: SEQUENCE SET; Schema: public; Owner: YXFWLfhnLXezPDUkUhYShgckhbdfOTek
--

SELECT pg_catalog.setval('public.socialaccount_socialapp_sites_id_seq', 1, false);


--
-- Name: socialaccount_socialtoken_id_seq; Type: SEQUENCE SET; Schema: public; Owner: YXFWLfhnLXezPDUkUhYShgckhbdfOTek
--

SELECT pg_catalog.setval('public.socialaccount_socialtoken_id_seq', 1, false);


--
-- Name: taxi_basalt_findus_id_seq; Type: SEQUENCE SET; Schema: public; Owner: YXFWLfhnLXezPDUkUhYShgckhbdfOTek
--

SELECT pg_catalog.setval('public.taxi_basalt_findus_id_seq', 1, true);


--
-- Name: taxi_basalt_footersection_id_seq; Type: SEQUENCE SET; Schema: public; Owner: YXFWLfhnLXezPDUkUhYShgckhbdfOTek
--

SELECT pg_catalog.setval('public.taxi_basalt_footersection_id_seq', 2, true);


--
-- Name: taxi_basalt_homesection_id_seq; Type: SEQUENCE SET; Schema: public; Owner: YXFWLfhnLXezPDUkUhYShgckhbdfOTek
--

SELECT pg_catalog.setval('public.taxi_basalt_homesection_id_seq', 1, true);


--
-- Name: taxi_basalt_imprint_id_seq; Type: SEQUENCE SET; Schema: public; Owner: YXFWLfhnLXezPDUkUhYShgckhbdfOTek
--

SELECT pg_catalog.setval('public.taxi_basalt_imprint_id_seq', 1, true);


--
-- Name: taxi_basalt_service_id_seq; Type: SEQUENCE SET; Schema: public; Owner: YXFWLfhnLXezPDUkUhYShgckhbdfOTek
--

SELECT pg_catalog.setval('public.taxi_basalt_service_id_seq', 6, true);


--
-- Name: taxi_basalt_servicesection_id_seq; Type: SEQUENCE SET; Schema: public; Owner: YXFWLfhnLXezPDUkUhYShgckhbdfOTek
--

SELECT pg_catalog.setval('public.taxi_basalt_servicesection_id_seq', 1, true);


--
-- Name: taxi_basalt_vehicle_id_seq; Type: SEQUENCE SET; Schema: public; Owner: YXFWLfhnLXezPDUkUhYShgckhbdfOTek
--

SELECT pg_catalog.setval('public.taxi_basalt_vehicle_id_seq', 5, true);


--
-- Name: taxi_basalt_vehiclesection_id_seq; Type: SEQUENCE SET; Schema: public; Owner: YXFWLfhnLXezPDUkUhYShgckhbdfOTek
--

SELECT pg_catalog.setval('public.taxi_basalt_vehiclesection_id_seq', 1, true);


--
-- Name: users_user_groups_id_seq; Type: SEQUENCE SET; Schema: public; Owner: YXFWLfhnLXezPDUkUhYShgckhbdfOTek
--

SELECT pg_catalog.setval('public.users_user_groups_id_seq', 1, false);


--
-- Name: users_user_id_seq; Type: SEQUENCE SET; Schema: public; Owner: YXFWLfhnLXezPDUkUhYShgckhbdfOTek
--

SELECT pg_catalog.setval('public.users_user_id_seq', 1, true);


--
-- Name: users_user_user_permissions_id_seq; Type: SEQUENCE SET; Schema: public; Owner: YXFWLfhnLXezPDUkUhYShgckhbdfOTek
--

SELECT pg_catalog.setval('public.users_user_user_permissions_id_seq', 1, false);


--
-- Name: account_emailaddress account_emailaddress_pkey; Type: CONSTRAINT; Schema: public; Owner: YXFWLfhnLXezPDUkUhYShgckhbdfOTek
--

ALTER TABLE ONLY public.account_emailaddress
    ADD CONSTRAINT account_emailaddress_pkey PRIMARY KEY (id);


--
-- Name: account_emailaddress account_emailaddress_user_id_email_987c8728_uniq; Type: CONSTRAINT; Schema: public; Owner: YXFWLfhnLXezPDUkUhYShgckhbdfOTek
--

ALTER TABLE ONLY public.account_emailaddress
    ADD CONSTRAINT account_emailaddress_user_id_email_987c8728_uniq UNIQUE (user_id, email);


--
-- Name: account_emailconfirmation account_emailconfirmation_key_key; Type: CONSTRAINT; Schema: public; Owner: YXFWLfhnLXezPDUkUhYShgckhbdfOTek
--

ALTER TABLE ONLY public.account_emailconfirmation
    ADD CONSTRAINT account_emailconfirmation_key_key UNIQUE (key);


--
-- Name: account_emailconfirmation account_emailconfirmation_pkey; Type: CONSTRAINT; Schema: public; Owner: YXFWLfhnLXezPDUkUhYShgckhbdfOTek
--

ALTER TABLE ONLY public.account_emailconfirmation
    ADD CONSTRAINT account_emailconfirmation_pkey PRIMARY KEY (id);


--
-- Name: auth_group auth_group_name_key; Type: CONSTRAINT; Schema: public; Owner: YXFWLfhnLXezPDUkUhYShgckhbdfOTek
--

ALTER TABLE ONLY public.auth_group
    ADD CONSTRAINT auth_group_name_key UNIQUE (name);


--
-- Name: auth_group_permissions auth_group_permissions_group_id_permission_id_0cd325b0_uniq; Type: CONSTRAINT; Schema: public; Owner: YXFWLfhnLXezPDUkUhYShgckhbdfOTek
--

ALTER TABLE ONLY public.auth_group_permissions
    ADD CONSTRAINT auth_group_permissions_group_id_permission_id_0cd325b0_uniq UNIQUE (group_id, permission_id);


--
-- Name: auth_group_permissions auth_group_permissions_pkey; Type: CONSTRAINT; Schema: public; Owner: YXFWLfhnLXezPDUkUhYShgckhbdfOTek
--

ALTER TABLE ONLY public.auth_group_permissions
    ADD CONSTRAINT auth_group_permissions_pkey PRIMARY KEY (id);


--
-- Name: auth_group auth_group_pkey; Type: CONSTRAINT; Schema: public; Owner: YXFWLfhnLXezPDUkUhYShgckhbdfOTek
--

ALTER TABLE ONLY public.auth_group
    ADD CONSTRAINT auth_group_pkey PRIMARY KEY (id);


--
-- Name: auth_permission auth_permission_content_type_id_codename_01ab375a_uniq; Type: CONSTRAINT; Schema: public; Owner: YXFWLfhnLXezPDUkUhYShgckhbdfOTek
--

ALTER TABLE ONLY public.auth_permission
    ADD CONSTRAINT auth_permission_content_type_id_codename_01ab375a_uniq UNIQUE (content_type_id, codename);


--
-- Name: auth_permission auth_permission_pkey; Type: CONSTRAINT; Schema: public; Owner: YXFWLfhnLXezPDUkUhYShgckhbdfOTek
--

ALTER TABLE ONLY public.auth_permission
    ADD CONSTRAINT auth_permission_pkey PRIMARY KEY (id);


--
-- Name: cookie_consent_cookie cookie_consent_cookie_pkey; Type: CONSTRAINT; Schema: public; Owner: YXFWLfhnLXezPDUkUhYShgckhbdfOTek
--

ALTER TABLE ONLY public.cookie_consent_cookie
    ADD CONSTRAINT cookie_consent_cookie_pkey PRIMARY KEY (id);


--
-- Name: cookie_consent_cookiegroup cookie_consent_cookiegroup_pkey; Type: CONSTRAINT; Schema: public; Owner: YXFWLfhnLXezPDUkUhYShgckhbdfOTek
--

ALTER TABLE ONLY public.cookie_consent_cookiegroup
    ADD CONSTRAINT cookie_consent_cookiegroup_pkey PRIMARY KEY (id);


--
-- Name: cookie_consent_cookiegroup cookie_consent_cookiegroup_varname_322d11a0_uniq; Type: CONSTRAINT; Schema: public; Owner: YXFWLfhnLXezPDUkUhYShgckhbdfOTek
--

ALTER TABLE ONLY public.cookie_consent_cookiegroup
    ADD CONSTRAINT cookie_consent_cookiegroup_varname_322d11a0_uniq UNIQUE (varname);


--
-- Name: cookie_consent_logitem cookie_consent_logitem_pkey; Type: CONSTRAINT; Schema: public; Owner: YXFWLfhnLXezPDUkUhYShgckhbdfOTek
--

ALTER TABLE ONLY public.cookie_consent_logitem
    ADD CONSTRAINT cookie_consent_logitem_pkey PRIMARY KEY (id);


--
-- Name: django_admin_log django_admin_log_pkey; Type: CONSTRAINT; Schema: public; Owner: YXFWLfhnLXezPDUkUhYShgckhbdfOTek
--

ALTER TABLE ONLY public.django_admin_log
    ADD CONSTRAINT django_admin_log_pkey PRIMARY KEY (id);


--
-- Name: django_content_type django_content_type_app_label_model_76bd3d3b_uniq; Type: CONSTRAINT; Schema: public; Owner: YXFWLfhnLXezPDUkUhYShgckhbdfOTek
--

ALTER TABLE ONLY public.django_content_type
    ADD CONSTRAINT django_content_type_app_label_model_76bd3d3b_uniq UNIQUE (app_label, model);


--
-- Name: django_content_type django_content_type_pkey; Type: CONSTRAINT; Schema: public; Owner: YXFWLfhnLXezPDUkUhYShgckhbdfOTek
--

ALTER TABLE ONLY public.django_content_type
    ADD CONSTRAINT django_content_type_pkey PRIMARY KEY (id);


--
-- Name: django_migrations django_migrations_pkey; Type: CONSTRAINT; Schema: public; Owner: YXFWLfhnLXezPDUkUhYShgckhbdfOTek
--

ALTER TABLE ONLY public.django_migrations
    ADD CONSTRAINT django_migrations_pkey PRIMARY KEY (id);


--
-- Name: django_session django_session_pkey; Type: CONSTRAINT; Schema: public; Owner: YXFWLfhnLXezPDUkUhYShgckhbdfOTek
--

ALTER TABLE ONLY public.django_session
    ADD CONSTRAINT django_session_pkey PRIMARY KEY (session_key);


--
-- Name: django_site django_site_domain_a2e37b91_uniq; Type: CONSTRAINT; Schema: public; Owner: YXFWLfhnLXezPDUkUhYShgckhbdfOTek
--

ALTER TABLE ONLY public.django_site
    ADD CONSTRAINT django_site_domain_a2e37b91_uniq UNIQUE (domain);


--
-- Name: django_site django_site_pkey; Type: CONSTRAINT; Schema: public; Owner: YXFWLfhnLXezPDUkUhYShgckhbdfOTek
--

ALTER TABLE ONLY public.django_site
    ADD CONSTRAINT django_site_pkey PRIMARY KEY (id);


--
-- Name: mfa_authenticator mfa_authenticator_pkey; Type: CONSTRAINT; Schema: public; Owner: YXFWLfhnLXezPDUkUhYShgckhbdfOTek
--

ALTER TABLE ONLY public.mfa_authenticator
    ADD CONSTRAINT mfa_authenticator_pkey PRIMARY KEY (id);


--
-- Name: cookie_consent_cookie natural_key; Type: CONSTRAINT; Schema: public; Owner: YXFWLfhnLXezPDUkUhYShgckhbdfOTek
--

ALTER TABLE ONLY public.cookie_consent_cookie
    ADD CONSTRAINT natural_key UNIQUE (cookiegroup_id, name, domain);


--
-- Name: socialaccount_socialaccount socialaccount_socialaccount_pkey; Type: CONSTRAINT; Schema: public; Owner: YXFWLfhnLXezPDUkUhYShgckhbdfOTek
--

ALTER TABLE ONLY public.socialaccount_socialaccount
    ADD CONSTRAINT socialaccount_socialaccount_pkey PRIMARY KEY (id);


--
-- Name: socialaccount_socialaccount socialaccount_socialaccount_provider_uid_fc810c6e_uniq; Type: CONSTRAINT; Schema: public; Owner: YXFWLfhnLXezPDUkUhYShgckhbdfOTek
--

ALTER TABLE ONLY public.socialaccount_socialaccount
    ADD CONSTRAINT socialaccount_socialaccount_provider_uid_fc810c6e_uniq UNIQUE (provider, uid);


--
-- Name: socialaccount_socialapp_sites socialaccount_socialapp__socialapp_id_site_id_71a9a768_uniq; Type: CONSTRAINT; Schema: public; Owner: YXFWLfhnLXezPDUkUhYShgckhbdfOTek
--

ALTER TABLE ONLY public.socialaccount_socialapp_sites
    ADD CONSTRAINT socialaccount_socialapp__socialapp_id_site_id_71a9a768_uniq UNIQUE (socialapp_id, site_id);


--
-- Name: socialaccount_socialapp socialaccount_socialapp_pkey; Type: CONSTRAINT; Schema: public; Owner: YXFWLfhnLXezPDUkUhYShgckhbdfOTek
--

ALTER TABLE ONLY public.socialaccount_socialapp
    ADD CONSTRAINT socialaccount_socialapp_pkey PRIMARY KEY (id);


--
-- Name: socialaccount_socialapp_sites socialaccount_socialapp_sites_pkey; Type: CONSTRAINT; Schema: public; Owner: YXFWLfhnLXezPDUkUhYShgckhbdfOTek
--

ALTER TABLE ONLY public.socialaccount_socialapp_sites
    ADD CONSTRAINT socialaccount_socialapp_sites_pkey PRIMARY KEY (id);


--
-- Name: socialaccount_socialtoken socialaccount_socialtoken_app_id_account_id_fca4e0ac_uniq; Type: CONSTRAINT; Schema: public; Owner: YXFWLfhnLXezPDUkUhYShgckhbdfOTek
--

ALTER TABLE ONLY public.socialaccount_socialtoken
    ADD CONSTRAINT socialaccount_socialtoken_app_id_account_id_fca4e0ac_uniq UNIQUE (app_id, account_id);


--
-- Name: socialaccount_socialtoken socialaccount_socialtoken_pkey; Type: CONSTRAINT; Schema: public; Owner: YXFWLfhnLXezPDUkUhYShgckhbdfOTek
--

ALTER TABLE ONLY public.socialaccount_socialtoken
    ADD CONSTRAINT socialaccount_socialtoken_pkey PRIMARY KEY (id);


--
-- Name: taxi_basalt_findus taxi_basalt_findus_pkey; Type: CONSTRAINT; Schema: public; Owner: YXFWLfhnLXezPDUkUhYShgckhbdfOTek
--

ALTER TABLE ONLY public.taxi_basalt_findus
    ADD CONSTRAINT taxi_basalt_findus_pkey PRIMARY KEY (id);


--
-- Name: taxi_basalt_footersection taxi_basalt_footersection_pkey; Type: CONSTRAINT; Schema: public; Owner: YXFWLfhnLXezPDUkUhYShgckhbdfOTek
--

ALTER TABLE ONLY public.taxi_basalt_footersection
    ADD CONSTRAINT taxi_basalt_footersection_pkey PRIMARY KEY (id);


--
-- Name: taxi_basalt_homesection taxi_basalt_homesection_pkey; Type: CONSTRAINT; Schema: public; Owner: YXFWLfhnLXezPDUkUhYShgckhbdfOTek
--

ALTER TABLE ONLY public.taxi_basalt_homesection
    ADD CONSTRAINT taxi_basalt_homesection_pkey PRIMARY KEY (id);


--
-- Name: taxi_basalt_imprint taxi_basalt_imprint_pkey; Type: CONSTRAINT; Schema: public; Owner: YXFWLfhnLXezPDUkUhYShgckhbdfOTek
--

ALTER TABLE ONLY public.taxi_basalt_imprint
    ADD CONSTRAINT taxi_basalt_imprint_pkey PRIMARY KEY (id);


--
-- Name: taxi_basalt_service taxi_basalt_service_pkey; Type: CONSTRAINT; Schema: public; Owner: YXFWLfhnLXezPDUkUhYShgckhbdfOTek
--

ALTER TABLE ONLY public.taxi_basalt_service
    ADD CONSTRAINT taxi_basalt_service_pkey PRIMARY KEY (id);


--
-- Name: taxi_basalt_servicesection taxi_basalt_servicesection_pkey; Type: CONSTRAINT; Schema: public; Owner: YXFWLfhnLXezPDUkUhYShgckhbdfOTek
--

ALTER TABLE ONLY public.taxi_basalt_servicesection
    ADD CONSTRAINT taxi_basalt_servicesection_pkey PRIMARY KEY (id);


--
-- Name: taxi_basalt_vehicle taxi_basalt_vehicle_pkey; Type: CONSTRAINT; Schema: public; Owner: YXFWLfhnLXezPDUkUhYShgckhbdfOTek
--

ALTER TABLE ONLY public.taxi_basalt_vehicle
    ADD CONSTRAINT taxi_basalt_vehicle_pkey PRIMARY KEY (id);


--
-- Name: taxi_basalt_vehiclesection taxi_basalt_vehiclesection_pkey; Type: CONSTRAINT; Schema: public; Owner: YXFWLfhnLXezPDUkUhYShgckhbdfOTek
--

ALTER TABLE ONLY public.taxi_basalt_vehiclesection
    ADD CONSTRAINT taxi_basalt_vehiclesection_pkey PRIMARY KEY (id);


--
-- Name: users_user users_user_email_key; Type: CONSTRAINT; Schema: public; Owner: YXFWLfhnLXezPDUkUhYShgckhbdfOTek
--

ALTER TABLE ONLY public.users_user
    ADD CONSTRAINT users_user_email_key UNIQUE (email);


--
-- Name: users_user_groups users_user_groups_pkey; Type: CONSTRAINT; Schema: public; Owner: YXFWLfhnLXezPDUkUhYShgckhbdfOTek
--

ALTER TABLE ONLY public.users_user_groups
    ADD CONSTRAINT users_user_groups_pkey PRIMARY KEY (id);


--
-- Name: users_user_groups users_user_groups_user_id_group_id_b88eab82_uniq; Type: CONSTRAINT; Schema: public; Owner: YXFWLfhnLXezPDUkUhYShgckhbdfOTek
--

ALTER TABLE ONLY public.users_user_groups
    ADD CONSTRAINT users_user_groups_user_id_group_id_b88eab82_uniq UNIQUE (user_id, group_id);


--
-- Name: users_user users_user_pkey; Type: CONSTRAINT; Schema: public; Owner: YXFWLfhnLXezPDUkUhYShgckhbdfOTek
--

ALTER TABLE ONLY public.users_user
    ADD CONSTRAINT users_user_pkey PRIMARY KEY (id);


--
-- Name: users_user_user_permissions users_user_user_permissions_pkey; Type: CONSTRAINT; Schema: public; Owner: YXFWLfhnLXezPDUkUhYShgckhbdfOTek
--

ALTER TABLE ONLY public.users_user_user_permissions
    ADD CONSTRAINT users_user_user_permissions_pkey PRIMARY KEY (id);


--
-- Name: users_user_user_permissions users_user_user_permissions_user_id_permission_id_43338c45_uniq; Type: CONSTRAINT; Schema: public; Owner: YXFWLfhnLXezPDUkUhYShgckhbdfOTek
--

ALTER TABLE ONLY public.users_user_user_permissions
    ADD CONSTRAINT users_user_user_permissions_user_id_permission_id_43338c45_uniq UNIQUE (user_id, permission_id);


--
-- Name: account_emailaddress_email_03be32b2; Type: INDEX; Schema: public; Owner: YXFWLfhnLXezPDUkUhYShgckhbdfOTek
--

CREATE INDEX account_emailaddress_email_03be32b2 ON public.account_emailaddress USING btree (email);


--
-- Name: account_emailaddress_email_03be32b2_like; Type: INDEX; Schema: public; Owner: YXFWLfhnLXezPDUkUhYShgckhbdfOTek
--

CREATE INDEX account_emailaddress_email_03be32b2_like ON public.account_emailaddress USING btree (email varchar_pattern_ops);


--
-- Name: account_emailaddress_user_id_2c513194; Type: INDEX; Schema: public; Owner: YXFWLfhnLXezPDUkUhYShgckhbdfOTek
--

CREATE INDEX account_emailaddress_user_id_2c513194 ON public.account_emailaddress USING btree (user_id);


--
-- Name: account_emailconfirmation_email_address_id_5b7f8c58; Type: INDEX; Schema: public; Owner: YXFWLfhnLXezPDUkUhYShgckhbdfOTek
--

CREATE INDEX account_emailconfirmation_email_address_id_5b7f8c58 ON public.account_emailconfirmation USING btree (email_address_id);


--
-- Name: account_emailconfirmation_key_f43612bd_like; Type: INDEX; Schema: public; Owner: YXFWLfhnLXezPDUkUhYShgckhbdfOTek
--

CREATE INDEX account_emailconfirmation_key_f43612bd_like ON public.account_emailconfirmation USING btree (key varchar_pattern_ops);


--
-- Name: auth_group_name_a6ea08ec_like; Type: INDEX; Schema: public; Owner: YXFWLfhnLXezPDUkUhYShgckhbdfOTek
--

CREATE INDEX auth_group_name_a6ea08ec_like ON public.auth_group USING btree (name varchar_pattern_ops);


--
-- Name: auth_group_permissions_group_id_b120cbf9; Type: INDEX; Schema: public; Owner: YXFWLfhnLXezPDUkUhYShgckhbdfOTek
--

CREATE INDEX auth_group_permissions_group_id_b120cbf9 ON public.auth_group_permissions USING btree (group_id);


--
-- Name: auth_group_permissions_permission_id_84c5c92e; Type: INDEX; Schema: public; Owner: YXFWLfhnLXezPDUkUhYShgckhbdfOTek
--

CREATE INDEX auth_group_permissions_permission_id_84c5c92e ON public.auth_group_permissions USING btree (permission_id);


--
-- Name: auth_permission_content_type_id_2f476e4b; Type: INDEX; Schema: public; Owner: YXFWLfhnLXezPDUkUhYShgckhbdfOTek
--

CREATE INDEX auth_permission_content_type_id_2f476e4b ON public.auth_permission USING btree (content_type_id);


--
-- Name: cookie_consent_cookie_cookiegroup_id_96c0ab4b; Type: INDEX; Schema: public; Owner: YXFWLfhnLXezPDUkUhYShgckhbdfOTek
--

CREATE INDEX cookie_consent_cookie_cookiegroup_id_96c0ab4b ON public.cookie_consent_cookie USING btree (cookiegroup_id);


--
-- Name: cookie_consent_cookiegroup_varname_322d11a0_like; Type: INDEX; Schema: public; Owner: YXFWLfhnLXezPDUkUhYShgckhbdfOTek
--

CREATE INDEX cookie_consent_cookiegroup_varname_322d11a0_like ON public.cookie_consent_cookiegroup USING btree (varname varchar_pattern_ops);


--
-- Name: cookie_consent_logitem_cookiegroup_id_3bfbe953; Type: INDEX; Schema: public; Owner: YXFWLfhnLXezPDUkUhYShgckhbdfOTek
--

CREATE INDEX cookie_consent_logitem_cookiegroup_id_3bfbe953 ON public.cookie_consent_logitem USING btree (cookiegroup_id);


--
-- Name: django_admin_log_content_type_id_c4bce8eb; Type: INDEX; Schema: public; Owner: YXFWLfhnLXezPDUkUhYShgckhbdfOTek
--

CREATE INDEX django_admin_log_content_type_id_c4bce8eb ON public.django_admin_log USING btree (content_type_id);


--
-- Name: django_admin_log_user_id_c564eba6; Type: INDEX; Schema: public; Owner: YXFWLfhnLXezPDUkUhYShgckhbdfOTek
--

CREATE INDEX django_admin_log_user_id_c564eba6 ON public.django_admin_log USING btree (user_id);


--
-- Name: django_session_expire_date_a5c62663; Type: INDEX; Schema: public; Owner: YXFWLfhnLXezPDUkUhYShgckhbdfOTek
--

CREATE INDEX django_session_expire_date_a5c62663 ON public.django_session USING btree (expire_date);


--
-- Name: django_session_session_key_c0390e0f_like; Type: INDEX; Schema: public; Owner: YXFWLfhnLXezPDUkUhYShgckhbdfOTek
--

CREATE INDEX django_session_session_key_c0390e0f_like ON public.django_session USING btree (session_key varchar_pattern_ops);


--
-- Name: django_site_domain_a2e37b91_like; Type: INDEX; Schema: public; Owner: YXFWLfhnLXezPDUkUhYShgckhbdfOTek
--

CREATE INDEX django_site_domain_a2e37b91_like ON public.django_site USING btree (domain varchar_pattern_ops);


--
-- Name: mfa_authenticator_user_id_0c3a50c0; Type: INDEX; Schema: public; Owner: YXFWLfhnLXezPDUkUhYShgckhbdfOTek
--

CREATE INDEX mfa_authenticator_user_id_0c3a50c0 ON public.mfa_authenticator USING btree (user_id);


--
-- Name: socialaccount_socialaccount_user_id_8146e70c; Type: INDEX; Schema: public; Owner: YXFWLfhnLXezPDUkUhYShgckhbdfOTek
--

CREATE INDEX socialaccount_socialaccount_user_id_8146e70c ON public.socialaccount_socialaccount USING btree (user_id);


--
-- Name: socialaccount_socialapp_sites_site_id_2579dee5; Type: INDEX; Schema: public; Owner: YXFWLfhnLXezPDUkUhYShgckhbdfOTek
--

CREATE INDEX socialaccount_socialapp_sites_site_id_2579dee5 ON public.socialaccount_socialapp_sites USING btree (site_id);


--
-- Name: socialaccount_socialapp_sites_socialapp_id_97fb6e7d; Type: INDEX; Schema: public; Owner: YXFWLfhnLXezPDUkUhYShgckhbdfOTek
--

CREATE INDEX socialaccount_socialapp_sites_socialapp_id_97fb6e7d ON public.socialaccount_socialapp_sites USING btree (socialapp_id);


--
-- Name: socialaccount_socialtoken_account_id_951f210e; Type: INDEX; Schema: public; Owner: YXFWLfhnLXezPDUkUhYShgckhbdfOTek
--

CREATE INDEX socialaccount_socialtoken_account_id_951f210e ON public.socialaccount_socialtoken USING btree (account_id);


--
-- Name: socialaccount_socialtoken_app_id_636a42d7; Type: INDEX; Schema: public; Owner: YXFWLfhnLXezPDUkUhYShgckhbdfOTek
--

CREATE INDEX socialaccount_socialtoken_app_id_636a42d7 ON public.socialaccount_socialtoken USING btree (app_id);


--
-- Name: taxi_basalt_service_home_section_id_249f9092; Type: INDEX; Schema: public; Owner: YXFWLfhnLXezPDUkUhYShgckhbdfOTek
--

CREATE INDEX taxi_basalt_service_home_section_id_249f9092 ON public.taxi_basalt_service USING btree (home_section_id);


--
-- Name: taxi_basalt_vehicle_vehicle_section_id_b7fc5170; Type: INDEX; Schema: public; Owner: YXFWLfhnLXezPDUkUhYShgckhbdfOTek
--

CREATE INDEX taxi_basalt_vehicle_vehicle_section_id_b7fc5170 ON public.taxi_basalt_vehicle USING btree (vehicle_section_id);


--
-- Name: unique_authenticator_type; Type: INDEX; Schema: public; Owner: YXFWLfhnLXezPDUkUhYShgckhbdfOTek
--

CREATE UNIQUE INDEX unique_authenticator_type ON public.mfa_authenticator USING btree (user_id, type) WHERE ((type)::text = ANY ((ARRAY['totp'::character varying, 'recovery_codes'::character varying])::text[]));


--
-- Name: unique_primary_email; Type: INDEX; Schema: public; Owner: YXFWLfhnLXezPDUkUhYShgckhbdfOTek
--

CREATE UNIQUE INDEX unique_primary_email ON public.account_emailaddress USING btree (user_id, "primary") WHERE "primary";


--
-- Name: unique_verified_email; Type: INDEX; Schema: public; Owner: YXFWLfhnLXezPDUkUhYShgckhbdfOTek
--

CREATE UNIQUE INDEX unique_verified_email ON public.account_emailaddress USING btree (email) WHERE verified;


--
-- Name: users_user_email_243f6e77_like; Type: INDEX; Schema: public; Owner: YXFWLfhnLXezPDUkUhYShgckhbdfOTek
--

CREATE INDEX users_user_email_243f6e77_like ON public.users_user USING btree (email varchar_pattern_ops);


--
-- Name: users_user_groups_group_id_9afc8d0e; Type: INDEX; Schema: public; Owner: YXFWLfhnLXezPDUkUhYShgckhbdfOTek
--

CREATE INDEX users_user_groups_group_id_9afc8d0e ON public.users_user_groups USING btree (group_id);


--
-- Name: users_user_groups_user_id_5f6f5a90; Type: INDEX; Schema: public; Owner: YXFWLfhnLXezPDUkUhYShgckhbdfOTek
--

CREATE INDEX users_user_groups_user_id_5f6f5a90 ON public.users_user_groups USING btree (user_id);


--
-- Name: users_user_user_permissions_permission_id_0b93982e; Type: INDEX; Schema: public; Owner: YXFWLfhnLXezPDUkUhYShgckhbdfOTek
--

CREATE INDEX users_user_user_permissions_permission_id_0b93982e ON public.users_user_user_permissions USING btree (permission_id);


--
-- Name: users_user_user_permissions_user_id_20aca447; Type: INDEX; Schema: public; Owner: YXFWLfhnLXezPDUkUhYShgckhbdfOTek
--

CREATE INDEX users_user_user_permissions_user_id_20aca447 ON public.users_user_user_permissions USING btree (user_id);


--
-- Name: account_emailaddress account_emailaddress_user_id_2c513194_fk_users_user_id; Type: FK CONSTRAINT; Schema: public; Owner: YXFWLfhnLXezPDUkUhYShgckhbdfOTek
--

ALTER TABLE ONLY public.account_emailaddress
    ADD CONSTRAINT account_emailaddress_user_id_2c513194_fk_users_user_id FOREIGN KEY (user_id) REFERENCES public.users_user(id) DEFERRABLE INITIALLY DEFERRED;


--
-- Name: account_emailconfirmation account_emailconfirm_email_address_id_5b7f8c58_fk_account_e; Type: FK CONSTRAINT; Schema: public; Owner: YXFWLfhnLXezPDUkUhYShgckhbdfOTek
--

ALTER TABLE ONLY public.account_emailconfirmation
    ADD CONSTRAINT account_emailconfirm_email_address_id_5b7f8c58_fk_account_e FOREIGN KEY (email_address_id) REFERENCES public.account_emailaddress(id) DEFERRABLE INITIALLY DEFERRED;


--
-- Name: auth_group_permissions auth_group_permissio_permission_id_84c5c92e_fk_auth_perm; Type: FK CONSTRAINT; Schema: public; Owner: YXFWLfhnLXezPDUkUhYShgckhbdfOTek
--

ALTER TABLE ONLY public.auth_group_permissions
    ADD CONSTRAINT auth_group_permissio_permission_id_84c5c92e_fk_auth_perm FOREIGN KEY (permission_id) REFERENCES public.auth_permission(id) DEFERRABLE INITIALLY DEFERRED;


--
-- Name: auth_group_permissions auth_group_permissions_group_id_b120cbf9_fk_auth_group_id; Type: FK CONSTRAINT; Schema: public; Owner: YXFWLfhnLXezPDUkUhYShgckhbdfOTek
--

ALTER TABLE ONLY public.auth_group_permissions
    ADD CONSTRAINT auth_group_permissions_group_id_b120cbf9_fk_auth_group_id FOREIGN KEY (group_id) REFERENCES public.auth_group(id) DEFERRABLE INITIALLY DEFERRED;


--
-- Name: auth_permission auth_permission_content_type_id_2f476e4b_fk_django_co; Type: FK CONSTRAINT; Schema: public; Owner: YXFWLfhnLXezPDUkUhYShgckhbdfOTek
--

ALTER TABLE ONLY public.auth_permission
    ADD CONSTRAINT auth_permission_content_type_id_2f476e4b_fk_django_co FOREIGN KEY (content_type_id) REFERENCES public.django_content_type(id) DEFERRABLE INITIALLY DEFERRED;


--
-- Name: cookie_consent_cookie cookie_consent_cooki_cookiegroup_id_96c0ab4b_fk_cookie_co; Type: FK CONSTRAINT; Schema: public; Owner: YXFWLfhnLXezPDUkUhYShgckhbdfOTek
--

ALTER TABLE ONLY public.cookie_consent_cookie
    ADD CONSTRAINT cookie_consent_cooki_cookiegroup_id_96c0ab4b_fk_cookie_co FOREIGN KEY (cookiegroup_id) REFERENCES public.cookie_consent_cookiegroup(id) DEFERRABLE INITIALLY DEFERRED;


--
-- Name: cookie_consent_logitem cookie_consent_logit_cookiegroup_id_3bfbe953_fk_cookie_co; Type: FK CONSTRAINT; Schema: public; Owner: YXFWLfhnLXezPDUkUhYShgckhbdfOTek
--

ALTER TABLE ONLY public.cookie_consent_logitem
    ADD CONSTRAINT cookie_consent_logit_cookiegroup_id_3bfbe953_fk_cookie_co FOREIGN KEY (cookiegroup_id) REFERENCES public.cookie_consent_cookiegroup(id) DEFERRABLE INITIALLY DEFERRED;


--
-- Name: django_admin_log django_admin_log_content_type_id_c4bce8eb_fk_django_co; Type: FK CONSTRAINT; Schema: public; Owner: YXFWLfhnLXezPDUkUhYShgckhbdfOTek
--

ALTER TABLE ONLY public.django_admin_log
    ADD CONSTRAINT django_admin_log_content_type_id_c4bce8eb_fk_django_co FOREIGN KEY (content_type_id) REFERENCES public.django_content_type(id) DEFERRABLE INITIALLY DEFERRED;


--
-- Name: django_admin_log django_admin_log_user_id_c564eba6_fk_users_user_id; Type: FK CONSTRAINT; Schema: public; Owner: YXFWLfhnLXezPDUkUhYShgckhbdfOTek
--

ALTER TABLE ONLY public.django_admin_log
    ADD CONSTRAINT django_admin_log_user_id_c564eba6_fk_users_user_id FOREIGN KEY (user_id) REFERENCES public.users_user(id) DEFERRABLE INITIALLY DEFERRED;


--
-- Name: mfa_authenticator mfa_authenticator_user_id_0c3a50c0_fk_users_user_id; Type: FK CONSTRAINT; Schema: public; Owner: YXFWLfhnLXezPDUkUhYShgckhbdfOTek
--

ALTER TABLE ONLY public.mfa_authenticator
    ADD CONSTRAINT mfa_authenticator_user_id_0c3a50c0_fk_users_user_id FOREIGN KEY (user_id) REFERENCES public.users_user(id) DEFERRABLE INITIALLY DEFERRED;


--
-- Name: socialaccount_socialtoken socialaccount_social_account_id_951f210e_fk_socialacc; Type: FK CONSTRAINT; Schema: public; Owner: YXFWLfhnLXezPDUkUhYShgckhbdfOTek
--

ALTER TABLE ONLY public.socialaccount_socialtoken
    ADD CONSTRAINT socialaccount_social_account_id_951f210e_fk_socialacc FOREIGN KEY (account_id) REFERENCES public.socialaccount_socialaccount(id) DEFERRABLE INITIALLY DEFERRED;


--
-- Name: socialaccount_socialtoken socialaccount_social_app_id_636a42d7_fk_socialacc; Type: FK CONSTRAINT; Schema: public; Owner: YXFWLfhnLXezPDUkUhYShgckhbdfOTek
--

ALTER TABLE ONLY public.socialaccount_socialtoken
    ADD CONSTRAINT socialaccount_social_app_id_636a42d7_fk_socialacc FOREIGN KEY (app_id) REFERENCES public.socialaccount_socialapp(id) DEFERRABLE INITIALLY DEFERRED;


--
-- Name: socialaccount_socialapp_sites socialaccount_social_site_id_2579dee5_fk_django_si; Type: FK CONSTRAINT; Schema: public; Owner: YXFWLfhnLXezPDUkUhYShgckhbdfOTek
--

ALTER TABLE ONLY public.socialaccount_socialapp_sites
    ADD CONSTRAINT socialaccount_social_site_id_2579dee5_fk_django_si FOREIGN KEY (site_id) REFERENCES public.django_site(id) DEFERRABLE INITIALLY DEFERRED;


--
-- Name: socialaccount_socialapp_sites socialaccount_social_socialapp_id_97fb6e7d_fk_socialacc; Type: FK CONSTRAINT; Schema: public; Owner: YXFWLfhnLXezPDUkUhYShgckhbdfOTek
--

ALTER TABLE ONLY public.socialaccount_socialapp_sites
    ADD CONSTRAINT socialaccount_social_socialapp_id_97fb6e7d_fk_socialacc FOREIGN KEY (socialapp_id) REFERENCES public.socialaccount_socialapp(id) DEFERRABLE INITIALLY DEFERRED;


--
-- Name: socialaccount_socialaccount socialaccount_socialaccount_user_id_8146e70c_fk_users_user_id; Type: FK CONSTRAINT; Schema: public; Owner: YXFWLfhnLXezPDUkUhYShgckhbdfOTek
--

ALTER TABLE ONLY public.socialaccount_socialaccount
    ADD CONSTRAINT socialaccount_socialaccount_user_id_8146e70c_fk_users_user_id FOREIGN KEY (user_id) REFERENCES public.users_user(id) DEFERRABLE INITIALLY DEFERRED;


--
-- Name: taxi_basalt_service taxi_basalt_service_home_section_id_249f9092_fk_taxi_basa; Type: FK CONSTRAINT; Schema: public; Owner: YXFWLfhnLXezPDUkUhYShgckhbdfOTek
--

ALTER TABLE ONLY public.taxi_basalt_service
    ADD CONSTRAINT taxi_basalt_service_home_section_id_249f9092_fk_taxi_basa FOREIGN KEY (home_section_id) REFERENCES public.taxi_basalt_servicesection(id) DEFERRABLE INITIALLY DEFERRED;


--
-- Name: taxi_basalt_vehicle taxi_basalt_vehicle_vehicle_section_id_b7fc5170_fk_taxi_basa; Type: FK CONSTRAINT; Schema: public; Owner: YXFWLfhnLXezPDUkUhYShgckhbdfOTek
--

ALTER TABLE ONLY public.taxi_basalt_vehicle
    ADD CONSTRAINT taxi_basalt_vehicle_vehicle_section_id_b7fc5170_fk_taxi_basa FOREIGN KEY (vehicle_section_id) REFERENCES public.taxi_basalt_vehiclesection(id) DEFERRABLE INITIALLY DEFERRED;


--
-- Name: users_user_groups users_user_groups_group_id_9afc8d0e_fk_auth_group_id; Type: FK CONSTRAINT; Schema: public; Owner: YXFWLfhnLXezPDUkUhYShgckhbdfOTek
--

ALTER TABLE ONLY public.users_user_groups
    ADD CONSTRAINT users_user_groups_group_id_9afc8d0e_fk_auth_group_id FOREIGN KEY (group_id) REFERENCES public.auth_group(id) DEFERRABLE INITIALLY DEFERRED;


--
-- Name: users_user_groups users_user_groups_user_id_5f6f5a90_fk_users_user_id; Type: FK CONSTRAINT; Schema: public; Owner: YXFWLfhnLXezPDUkUhYShgckhbdfOTek
--

ALTER TABLE ONLY public.users_user_groups
    ADD CONSTRAINT users_user_groups_user_id_5f6f5a90_fk_users_user_id FOREIGN KEY (user_id) REFERENCES public.users_user(id) DEFERRABLE INITIALLY DEFERRED;


--
-- Name: users_user_user_permissions users_user_user_perm_permission_id_0b93982e_fk_auth_perm; Type: FK CONSTRAINT; Schema: public; Owner: YXFWLfhnLXezPDUkUhYShgckhbdfOTek
--

ALTER TABLE ONLY public.users_user_user_permissions
    ADD CONSTRAINT users_user_user_perm_permission_id_0b93982e_fk_auth_perm FOREIGN KEY (permission_id) REFERENCES public.auth_permission(id) DEFERRABLE INITIALLY DEFERRED;


--
-- Name: users_user_user_permissions users_user_user_permissions_user_id_20aca447_fk_users_user_id; Type: FK CONSTRAINT; Schema: public; Owner: YXFWLfhnLXezPDUkUhYShgckhbdfOTek
--

ALTER TABLE ONLY public.users_user_user_permissions
    ADD CONSTRAINT users_user_user_permissions_user_id_20aca447_fk_users_user_id FOREIGN KEY (user_id) REFERENCES public.users_user(id) DEFERRABLE INITIALLY DEFERRED;


--
-- PostgreSQL database dump complete
--

